{
"type": "FeatureCollection",
"name": "gb_outline",
"crs": { "type": "name", "properties": { "name": "urn:ogc:def:crs:EPSG::27700" } },
"features": [
{ "type": "Feature", "properties": { "id": "0" }, "geometry": { "type": "MultiPolygon", "coordinates": [ [ [ [ 112249.695284815825289, 849721.024934484506957 ], [ 112607.08139798254706, 851646.955973623204045 ], [ 114599.407324795698514, 851988.195205145399086 ], [ 114803.229463481839048, 856052.237586454953998 ], [ 117472.148264523188118, 857868.953986391075887 ], [ 121977.828100550876115, 851545.625595853547566 ], [ 120632.08732152126322, 861143.725986084085889 ], [ 122861.270398013250087, 868046.336079852888361 ], [ 126680.501780266233254, 865963.646594293648377 ], [ 127935.859180767671205, 860945.603678736370057 ], [ 133243.207813905668445, 856176.80563478730619 ], [ 136422.289048146572895, 858742.086149668437429 ], [ 136417.30412577392417, 866697.514694206649438 ], [ 134938.84801929249079, 870331.872731949668378 ], [ 136544.255846580461366, 872799.422121656243689 ], [ 139680.516223777696723, 873637.250711560249329 ], [ 140081.809388661611592, 877704.967315065441653 ], [ 142133.574824798764894, 877225.874264423851855 ], [ 144482.072078267578036, 880167.886322566890158 ], [ 145440.268120137421647, 875352.42456164106261 ], [ 148665.084506473940564, 873198.452525218483061 ], [ 153839.830074679019162, 863065.267642505699769 ], [ 153508.911826285126153, 851238.944010335952044 ], [ 151335.819329600344645, 843710.604177462402731 ], [ 153287.718427136307582, 841610.899969539023004 ], [ 152234.725016315584071, 838151.34709037153516 ], [ 153206.946298053342616, 836824.822100476128981 ], [ 154213.375602737098234, 845904.576827734243125 ], [ 157489.587176678003743, 849584.415583230671473 ], [ 157041.985893970238976, 852103.460020066122524 ], [ 159234.241846610646462, 853330.251898912480101 ], [ 160459.407751297316281, 860913.305887452093884 ], [ 163783.007235570898047, 862715.306879486888647 ], [ 164751.590889385493938, 859991.278229458839633 ], [ 162310.329486409202218, 849968.832754620583728 ], [ 159113.194002140458906, 845116.681320880190469 ], [ 161054.208127654157579, 838263.840954028768465 ], [ 159347.143335380329518, 834293.613741786801256 ], [ 162669.746467396384105, 833169.159052854753099 ], [ 164092.573012946697418, 834121.57584442384541 ], [ 164416.936097909172531, 831597.997765545966104 ], [ 165610.950102042552317, 832782.551395070622675 ], [ 167076.074582664790796, 831566.413101633312181 ], [ 164532.67254199803574, 828695.714310361305252 ], [ 165674.606414489564486, 824756.363844331586733 ], [ 166818.218482138065156, 829144.144467364414595 ], [ 168590.378151493845508, 828649.017717272392474 ], [ 169065.188387759990292, 825919.355708351708017 ], [ 173646.343501867755549, 827676.523292149882764 ], [ 177509.1711316529545, 834563.743898348184302 ], [ 180406.01907997005037, 835670.747104363632388 ], [ 179441.355381909175776, 837271.979692827211693 ], [ 169320.099890487734228, 832403.614009845536202 ], [ 166959.050141274987254, 835679.626803263789043 ], [ 169820.15106939303223, 844379.924101593671367 ], [ 167937.251583775680047, 845142.673271720646881 ], [ 166836.083485316397855, 849191.578558013192378 ], [ 169471.927781458944082, 860831.825669333687983 ], [ 172496.195912641327595, 862495.264271213090979 ], [ 177573.335690982581582, 858824.733441093354486 ], [ 175021.999397731036879, 864869.207796095055528 ], [ 171307.64805864225491, 866911.607365919277072 ], [ 171372.761257370002568, 869015.543640324496664 ], [ 173623.942068019532599, 874602.44813266734127 ], [ 179392.709054513194133, 875928.038497125147842 ], [ 171603.28431231045397, 877252.972205968108028 ], [ 172861.229469333105953, 892088.843629106180742 ], [ 180222.562263745639939, 894335.415052041760646 ], [ 182576.044153381371871, 892511.744914809823968 ], [ 182764.20402338844724, 889343.094298878917471 ], [ 183158.150427703047171, 890264.238618134520948 ], [ 182336.578506985941203, 894997.417947960668243 ], [ 185648.220160848286469, 899506.571615011547692 ], [ 189807.43790375275421, 898364.130185550893657 ], [ 191343.671880711364793, 892715.678472503670491 ], [ 193924.54724140005419, 891738.783622506540269 ], [ 193003.054960873996606, 895741.407799627981149 ], [ 195657.091338179627201, 895307.846641977317631 ], [ 198548.636424557771534, 899791.152818848961033 ], [ 201704.002135004673619, 900222.395105211646296 ], [ 203981.651860474783462, 897073.529202297911979 ], [ 208186.857605009543477, 897631.484140370157547 ], [ 207245.895887135906378, 901816.333744644885883 ], [ 201313.380937409383478, 903230.34430636675097 ], [ 201018.797601320780814, 906193.670816779485904 ], [ 195572.011888763314346, 906082.186539272661321 ], [ 193983.159421520365868, 910098.132778436061926 ], [ 197200.713330128666712, 919036.571500074467622 ], [ 199673.454801706102444, 918557.051664590835571 ], [ 201823.705611987767043, 915872.174105906975456 ], [ 205395.886733723513316, 916198.854913772898726 ], [ 204126.240866887790617, 918079.447112764930353 ], [ 205356.969396834872896, 920327.384175046463497 ], [ 201794.833219009742606, 920182.549658326315694 ], [ 204390.055813679995481, 923492.064487152965739 ], [ 199305.926254311692901, 932038.859870584332384 ], [ 200182.196674245991744, 935308.063299230532721 ], [ 202531.892678572272416, 936594.95107778487727 ], [ 205546.452646778372582, 933762.462410436128266 ], [ 208359.711688870534999, 936757.897002130514011 ], [ 212173.556873300258303, 934951.055583177832887 ], [ 215278.460919582779752, 935334.751825377112255 ], [ 214092.619420860195532, 937648.628602243377827 ], [ 212668.479407685139449, 936396.313275556545705 ], [ 210889.207835087465355, 937351.084450963768177 ], [ 213598.037788216111949, 942223.273800617898814 ], [ 211497.88418601982994, 948529.899391951272264 ], [ 214725.190091783733806, 949911.701352129457518 ], [ 218869.922602923557861, 955498.078893533675 ], [ 218859.693705789453816, 957353.989488549879752 ], [ 215946.692381443805061, 958307.65612502861768 ], [ 218687.498232765647117, 965039.771029386902228 ], [ 217583.605172895768192, 966534.085119462455623 ], [ 221943.953387958579697, 966778.267574619851075 ], [ 225108.739713869639672, 975864.879161717137322 ], [ 228671.481374309689272, 974248.41939824691508 ], [ 233705.126473895128584, 974557.35579031787347 ], [ 236854.786961874488043, 971581.66950019763317 ], [ 239800.524480899388436, 972777.6637002263451 ], [ 241848.738180523476331, 968921.605647425632924 ], [ 245860.705759881442646, 968353.146091585396789 ], [ 247377.265936243347824, 965966.676010010880418 ], [ 246619.978176214121049, 963357.055942596751265 ], [ 248048.750544166192412, 964303.009603810845874 ], [ 248048.533571328473045, 968117.64782464352902 ], [ 250227.464747954974882, 969692.78534210822545 ], [ 255167.37611401770846, 969060.887881520786323 ], [ 262114.21550157351885, 964008.568423999357037 ], [ 261962.322940044134157, 966829.427371199242771 ], [ 264624.573927410820033, 967129.200363394687884 ], [ 268831.040152727568056, 963775.966688575572334 ], [ 271231.451807002013084, 965791.630532244918868 ], [ 273297.334619711502455, 965018.781634056009352 ], [ 274930.342337232606951, 967222.673195172683336 ], [ 279409.222948992508464, 966856.104625100968406 ], [ 282640.694480491394643, 970951.959306984907016 ], [ 284360.985439912648872, 967323.622941611101851 ], [ 291736.222399180755019, 966536.167420879821293 ], [ 297688.455713511793874, 968009.105091546545736 ], [ 303983.349160433281213, 972821.072986759711057 ], [ 311257.381850325677078, 972556.148690888076089 ], [ 311653.845247622055467, 970054.403805908514187 ], [ 315407.330266986507922, 971365.955691074137576 ], [ 320197.756685721222311, 969665.867970680585131 ], [ 317037.782817795174196, 973477.524594299728051 ], [ 317553.586855239642318, 976036.067594532505609 ], [ 320114.790324595058337, 977900.979639405966736 ], [ 322749.823244389670435, 975243.929340666159987 ], [ 331245.244065527280327, 976383.293116239481606 ], [ 333229.457113911979832, 973954.578571038902737 ], [ 339138.476302365306765, 974918.933099987683818 ], [ 341517.304172489384655, 973826.59430945769418 ], [ 338999.529862357885577, 964153.912487812689506 ], [ 335290.337125952180941, 959379.304369505145587 ], [ 335610.708426717086695, 955860.752153057488613 ], [ 338942.409317320794798, 956060.688853246858343 ], [ 340027.874905458185822, 954278.784381036763079 ], [ 336099.888111694599502, 942475.144765338045545 ], [ 329051.547003337065689, 934965.044287611963227 ], [ 319271.154649255098775, 930876.094650926184841 ], [ 312019.307811345206574, 920561.312766670249403 ], [ 299881.097302692302037, 910731.120540963718668 ], [ 294431.714576997037511, 908160.952484055073 ], [ 291804.405265315726865, 902286.9917727682041 ], [ 283576.615045941667631, 898606.482352211256512 ], [ 282308.50870881654555, 888926.435739569598809 ], [ 288831.135892019374296, 884441.003791486262344 ], [ 293145.224823288619518, 888575.67404142592568 ], [ 295977.963206648593768, 887535.764677482307889 ], [ 294528.128043416712899, 883876.151319116121158 ], [ 275512.036685788305476, 858984.579990937141702 ], [ 275044.426874253258575, 857192.060898622381501 ], [ 278877.453791848442052, 859891.763340471079573 ], [ 287511.596247966284864, 858060.035094329505228 ], [ 296282.065872278762981, 864778.126489721122198 ], [ 302505.856948276632465, 866556.98580778890755 ], [ 308393.055061736609787, 865859.683122565736994 ], [ 310321.473015477415174, 870216.292225252604112 ], [ 319788.649179169791751, 872568.736629450344481 ], [ 324294.610592562006786, 872285.402579434099607 ], [ 330421.925208020373248, 868061.298550676903687 ], [ 338802.355505619314499, 865363.229185959557071 ], [ 349457.260890234610997, 869946.116080980515108 ], [ 350885.515435559791513, 868477.38988777960185 ], [ 353291.130156920175068, 869158.394673054222949 ], [ 369594.881226092809811, 865529.425626067444682 ], [ 379455.282114585046656, 865904.406706823734567 ], [ 382330.250624988460913, 868482.729574532364495 ], [ 388807.904331398720387, 865888.07113893982023 ], [ 392786.687490325770341, 868934.948316710302606 ], [ 399983.68087057734374, 868684.077792904921807 ], [ 401921.565797114511952, 866242.126412663143128 ], [ 404279.357116617495194, 866936.956161062116735 ], [ 408822.850388522143476, 860436.844022263190709 ], [ 411771.79351679404499, 858827.32923674932681 ], [ 412784.176894669304602, 849098.636630561668426 ], [ 415212.802165284927469, 845758.546411448158324 ], [ 412037.14862439094577, 836952.345920395106077 ], [ 402553.173313530453015, 825205.137906715390272 ], [ 399074.522134167549666, 817752.190125293913297 ], [ 396810.989928107010201, 810723.682459522853605 ], [ 398350.511249126750045, 810104.812113208929077 ], [ 399962.232798172393814, 803500.762585329357535 ], [ 391315.530067576095462, 791167.507341789430939 ], [ 386830.768664818024263, 774141.597850527963601 ], [ 381694.018401621142402, 766837.6254972377792 ], [ 375056.136573694762774, 761829.72501475783065 ], [ 374146.175676003680564, 754750.710302579333074 ], [ 370664.9183945346158, 752054.133091656723991 ], [ 371717.917859003413469, 748009.354405204765499 ], [ 367947.177589865867049, 741278.188972201547585 ], [ 357290.824910540832207, 733182.172225320595317 ], [ 356114.26828030066099, 729688.949030015501194 ], [ 357483.250951953465119, 727723.447491077124141 ], [ 353368.785850364889484, 727162.547431305167265 ], [ 351583.259528647002298, 724277.823645100463182 ], [ 351565.007378407695796, 718138.921299760579132 ], [ 359994.889606264245231, 715091.779543857672252 ], [ 364596.085514882637653, 710763.900132277631201 ], [ 364301.674429860257078, 708131.120931702898815 ], [ 350231.085966245853342, 698310.185815285891294 ], [ 340780.700853841030039, 701085.669646865455434 ], [ 329609.054699613945559, 691299.613639049464837 ], [ 327709.30268595792586, 685301.242310977890156 ], [ 321181.086280582239851, 684714.871081074816175 ], [ 319959.910510755900759, 681709.289392971084453 ], [ 317302.344000426179264, 682089.019711220171303 ], [ 314495.619729836704209, 680247.139809278189205 ], [ 319902.741752520145383, 679808.58116435748525 ], [ 320957.66738960071234, 681661.249921817565337 ], [ 321153.916849331231788, 678444.042911800905131 ], [ 326612.453546296106651, 679230.751178740756586 ], [ 332158.311538371024653, 674513.273285908391699 ], [ 336402.691025818756316, 674668.30875570687931 ], [ 342696.490650746796746, 677655.706794282188639 ], [ 343243.6720641736174, 681145.666279233293608 ], [ 349074.517743180331308, 687283.680500376969576 ], [ 351370.522528742498253, 688056.795327053871006 ], [ 353147.070199904497713, 686752.56254968768917 ], [ 355485.714347816770896, 688111.103691161959432 ], [ 356307.377844422997441, 686504.721961033414118 ], [ 359521.042730127926916, 686466.006877608713694 ], [ 359209.489592719590291, 687960.386111870757304 ], [ 360748.250087624473963, 688487.390017210505903 ], [ 360076.242195470782463, 686183.444784276536666 ], [ 365808.573673420702107, 680456.115277136093937 ], [ 372991.636984489159659, 678448.339180398266762 ], [ 380038.175061113666743, 672166.786935701267794 ], [ 392147.404697399295401, 670112.015713191707619 ], [ 393346.029287577024661, 666355.312288969522342 ], [ 396249.314174490049481, 664801.918042863719165 ], [ 402701.184066157205962, 650593.72392489342019 ], [ 406731.034783205366693, 646897.85396413388662 ], [ 414728.497182576567866, 644457.292975218384527 ], [ 415070.866457500786055, 639129.107477459474467 ], [ 423464.06538187735714, 632893.248301905929111 ], [ 428376.645534069859423, 615020.172462038230151 ], [ 426257.73265096306568, 608769.920618215808645 ], [ 427381.681288410851266, 606167.498785809497349 ], [ 430549.296238022099715, 604909.658821117947809 ], [ 428594.658575567300431, 599501.682904226821847 ], [ 433189.962214859609958, 588294.532889580004849 ], [ 431688.586880833143368, 584321.882485843729228 ], [ 438742.791795723431278, 568068.93924085656181 ], [ 442367.183497967896983, 563828.923773930408061 ], [ 442210.811764163838234, 555312.782280107028782 ], [ 446435.056024281831924, 541572.001334378030151 ], [ 453878.074456983536948, 534969.96093716553878 ], [ 453840.014290228544269, 530249.779502248275094 ], [ 457806.66386778652668, 527352.358073155162856 ], [ 462528.516307912883349, 526479.925324825686403 ], [ 466969.303213278006297, 522874.413001366250683 ], [ 479354.823175712605007, 520101.066060683690012 ], [ 487184.095937000063714, 513384.446309290360659 ], [ 493281.524106594908517, 511382.169462093501352 ], [ 496952.916416016872972, 507201.386389669612981 ], [ 496882.732706628507003, 504223.54220056545455 ], [ 500781.099171777779702, 500864.912628171034157 ], [ 507636.774650343868416, 485394.039303214813117 ], [ 514602.692899146757554, 482004.995205359242391 ], [ 513203.627383201266639, 480019.301640076970216 ], [ 515202.253665785829071, 476950.803619130630977 ], [ 526836.842957199900411, 471007.027201756776776 ], [ 526369.261166242766194, 469174.895341768569779 ], [ 520712.995385847811121, 467642.395289817883167 ], [ 518956.396141956211068, 465392.815179220342543 ], [ 518790.049189560580999, 456712.057954935822636 ], [ 524457.623526503681205, 443272.179074300278444 ], [ 541118.771985946805216, 420955.593773520202376 ], [ 543034.825025051599368, 412861.525124429550488 ], [ 539547.71370378031861, 409333.773237995977979 ], [ 539149.708038724726066, 411984.022048591694329 ], [ 536025.352274579578079, 413817.227071547124069 ], [ 524375.037714155623689, 415881.640524599235505 ], [ 515005.507277253374923, 426253.144730678177439 ], [ 513021.949275802413467, 427016.955531388986856 ], [ 511797.276671481435187, 426654.533049693563953 ], [ 514546.671862353337929, 425801.987918528262526 ], [ 518348.599070733471308, 419634.752768762642518 ], [ 523984.492262181651313, 414643.433648217120208 ], [ 532221.249411958619021, 410893.368685445399024 ], [ 535932.101150353904814, 406266.604146349302027 ], [ 543319.995124150649644, 403033.178966155101079 ], [ 549509.08756758866366, 393101.134607774787582 ], [ 556323.991850107908249, 377048.482617267931346 ], [ 558669.038604105357081, 367407.214023484149948 ], [ 556459.326796947047114, 351562.441923694510479 ], [ 546315.178138847812079, 344429.25311047246214 ], [ 545001.861453529563732, 342647.921365171961952 ], [ 547868.661940129008144, 344934.769822206755634 ], [ 550876.798023024690337, 343119.370990117255133 ], [ 550288.577112843515351, 339550.027319071057718 ], [ 546316.716199622373097, 339023.108525007031858 ], [ 549466.670816228026524, 336908.936505877587479 ], [ 550250.475870116963051, 332620.475700507813599 ], [ 551822.063060880522244, 333525.336694500467274 ], [ 557667.618378043407574, 329779.123315204575192 ], [ 569707.270428507472388, 346159.264721543993801 ], [ 579539.112244547228329, 347980.99530844821129 ], [ 588817.780527816270478, 347160.066962345386855 ], [ 591005.119810499949381, 348715.272428627475165 ], [ 599791.406194513430819, 347999.3880205337191 ], [ 625281.960787717835046, 342103.680648102657869 ], [ 642527.827178394887596, 329489.584336672502104 ], [ 650587.293361015501432, 320843.5179080949747 ], [ 654401.32902220194228, 310902.901443111884873 ], [ 654284.248421932687052, 301414.985362517472822 ], [ 656981.467889837105758, 293816.063476077863015 ], [ 651721.55256302584894, 274390.547797432518564 ], [ 648972.812412702129222, 270426.454679047805257 ], [ 646324.706354946596548, 248830.572699188283877 ], [ 639117.359636646462604, 244198.061904808215331 ], [ 628985.745001681963913, 230432.304390284378314 ], [ 626352.484457921469584, 230496.661191473773215 ], [ 625389.669259331305511, 227959.404986405337695 ], [ 627631.686418290017173, 223101.746701791096712 ], [ 622603.476886112708598, 216417.32562389888335 ], [ 616415.450941160437651, 212148.368679517094279 ], [ 609795.962477000430226, 211042.555749424209353 ], [ 608268.900487269856967, 212908.530883840750903 ], [ 601092.446881819749251, 210535.885689988033846 ], [ 606288.744401279138401, 208447.478912001242861 ], [ 606649.345856239204295, 199037.188175898598274 ], [ 612654.603601440438069, 200945.499498845107155 ], [ 614427.187584566301666, 199133.509966763172997 ], [ 607941.535065347678028, 192070.424397525115637 ], [ 608412.351993180462159, 189697.366226992686279 ], [ 604792.30906988971401, 184171.770945254043909 ], [ 594685.365921981981955, 181123.154653141798917 ], [ 586905.299074199050665, 182738.430767382786144 ], [ 586998.143612861051224, 180640.758767403225647 ], [ 590696.59294126892928, 179072.863840766251087 ], [ 591129.456068703439087, 176517.723974635708146 ], [ 602739.875434644171037, 173496.717559928627452 ], [ 608008.720466110506095, 167166.75978118533385 ], [ 611056.543973432038911, 169141.677769966656342 ], [ 626310.427651314763352, 170368.272411878337152 ], [ 638747.086959537467919, 173211.702730878954753 ], [ 641227.864751268993132, 170417.031453376985155 ], [ 640679.840219461591914, 165266.068960035656346 ], [ 636946.836233338573948, 161442.61523318302352 ], [ 638839.64317684143316, 153366.977015004085843 ], [ 638581.030530916177668, 144806.898979095101822 ], [ 633518.131051160977222, 139070.645270812965464 ], [ 626319.338594076572917, 137277.555212452774867 ], [ 624328.888883544830605, 134689.361150738812285 ], [ 617393.654889142024331, 133413.851623288006522 ], [ 613300.736581576406024, 130919.874456094170455 ], [ 609878.16863617405761, 125476.578491242587916 ], [ 610025.224824741482735, 115951.92664343836077 ], [ 595492.526332041365094, 116757.375335744334734 ], [ 587053.337921471218579, 109913.114197575865546 ], [ 567654.323196707176976, 103812.148536887616501 ], [ 558330.623604230699129, 94043.838798195953132 ], [ 546066.772181653068401, 98857.875183875250514 ], [ 524274.287567126157228, 103620.11508776579285 ], [ 491975.166671530867461, 97366.061170607499662 ], [ 485375.417120160826016, 91058.468353707052302 ], [ 476958.969246219785418, 96515.647755370722734 ], [ 471126.752949491492473, 97581.822807881166227 ], [ 469680.760493506211787, 96324.296993076204672 ], [ 468196.974902885674965, 97873.22816966548271 ], [ 460276.181706758216023, 96489.61613910109736 ], [ 450134.351079761050642, 102640.345286855488666 ], [ 447052.802539712749422, 97863.933851220572251 ], [ 437825.216817572014406, 94552.419178981217556 ], [ 432733.896425919956528, 90629.624339828835218 ], [ 444805.341743750148453, 94336.792283617221983 ], [ 448547.777844369586091, 97646.846571956833941 ], [ 451858.28696517914068, 97393.641687436960638 ], [ 456481.836245246056933, 94352.586268721322995 ], [ 462675.583285735803656, 94747.342177397513296 ], [ 467212.182953859737609, 88024.282847634516656 ], [ 466851.559191054606345, 86490.093622526794206 ], [ 460378.759752055513673, 83054.106116694238153 ], [ 458607.679218502831645, 77061.281689851748524 ], [ 450312.668673895532265, 74250.045703394702286 ], [ 436023.018251222674735, 84391.928276444421499 ], [ 428703.60631657554768, 84044.99078005082265 ], [ 428390.216633002157323, 85420.12283846482751 ], [ 431681.221702729235403, 88681.183652360472479 ], [ 421880.920453419559635, 92095.395854934919043 ], [ 418032.059850972436834, 89202.836361140347435 ], [ 413069.751824468083214, 90237.455689908660133 ], [ 407363.904565233329777, 88951.904683929082239 ], [ 404987.582773798843846, 86712.220088096524705 ], [ 404603.682766794925556, 83482.731084727987763 ], [ 406592.296215693233535, 82545.961776757016196 ], [ 404298.946051886421628, 79788.695051143746241 ], [ 404366.667397547629662, 76596.532441888033645 ], [ 396358.399103187315632, 74229.146036892008851 ], [ 385843.940317443164531, 79311.882813225776772 ], [ 370400.678232842823491, 80809.492647301362013 ], [ 370351.257686539087445, 76965.445770192323835 ], [ 367889.491383865068201, 76163.274916216148995 ], [ 370932.942962550441734, 75164.087540611173608 ], [ 371650.786379164492246, 72052.659942271144246 ], [ 367530.676413019711617, 67233.494535008707317 ], [ 367256.099412217503414, 73104.549207686068257 ], [ 357604.486203641572502, 82009.472444209066452 ], [ 345294.4477232277859, 89607.023460570329917 ], [ 335892.971769699885044, 91996.180251349636819 ], [ 328561.361374752421398, 88272.344191273397882 ], [ 324239.43772396055283, 88731.029358501749812 ], [ 322867.867045758350287, 86871.817790934030199 ], [ 312987.241301751171704, 86249.466829021912417 ], [ 304448.294530734186992, 78525.052618242742028 ], [ 300104.422803130059037, 79063.685293670452666 ], [ 294513.331749150645919, 70515.142051558796084 ], [ 296904.226547488127835, 63903.385360383137595 ], [ 297444.818198054214008, 56015.09027150188922 ], [ 293498.882876602292527, 53300.897116329062555 ], [ 291519.566364434664138, 48917.838842880046286 ], [ 284804.038467337028123, 45537.783189059649885 ], [ 282823.219560636789538, 38851.998811952958931 ], [ 283820.062844338535797, 36298.236878382223949 ], [ 278438.937963328266051, 34278.126169931536424 ], [ 269460.182195301807951, 36007.923750734356872 ], [ 266014.527858686109539, 38797.870837925191154 ], [ 265077.135385086410679, 42789.97562935451424 ], [ 260640.126866037811851, 45734.685801771491242 ], [ 254546.426180843176553, 44575.782387552048021 ], [ 251216.434615497011691, 47204.84238407912926 ], [ 249368.395645752869314, 46400.213528607702756 ], [ 247946.729151341016404, 49319.290299929947651 ], [ 245439.540517496847315, 50406.866659416955372 ], [ 244993.402026285883039, 47923.467087538061605 ], [ 241598.751580220647156, 47074.82818669185508 ], [ 240527.791838026227197, 49920.798887976372498 ], [ 237347.303072409151355, 52106.03777600358444 ], [ 228692.46783775795484, 53257.945332336727006 ], [ 227138.627747850172454, 52979.326947657777055 ], [ 226617.631116508913692, 50368.584312795130245 ], [ 219459.700754813791718, 49174.82764915341977 ], [ 212001.975074461690383, 49712.885571129118034 ], [ 209761.2175509618246, 48348.636803489993326 ], [ 208104.262420964427292, 51277.344941702991491 ], [ 204618.2307396887918, 50572.858660398480424 ], [ 205011.027882216236321, 47525.208291850452952 ], [ 202812.236230023700045, 45016.681865377620852 ], [ 203950.810710670921253, 43010.177242780227971 ], [ 201265.044227378064534, 38609.117483887319395 ], [ 196150.647650188271655, 40085.06265637139586 ], [ 192189.64661604326102, 36051.066139455688244 ], [ 189807.007496128615458, 36954.827031969311065 ], [ 187460.090060773538426, 31160.574152786310151 ], [ 185121.06686684829765, 29896.230797067819367 ], [ 181696.143542257690569, 30829.248047803081135 ], [ 179683.277288758225041, 26281.656705684421468 ], [ 182347.706042768928455, 21650.914786171699234 ], [ 181348.143166439142078, 18981.262360097374767 ], [ 178334.396481614967342, 15176.23847080098858 ], [ 173856.648056681355229, 15375.488577331847409 ], [ 171058.742915904877009, 10487.588445687642889 ], [ 166396.874786557833431, 13025.890085202230694 ], [ 165169.192644461552845, 19839.229307104124018 ], [ 162506.767255461832974, 24393.262548442831758 ], [ 157605.399071607855149, 26869.113119499965251 ], [ 154425.801563268265454, 26576.730515568553528 ], [ 150229.892207020864589, 30036.79847435353804 ], [ 147761.360874659992987, 28719.894690005414304 ], [ 148318.654630249016918, 25575.744124108088727 ], [ 144354.231623722909717, 22031.455840573125897 ], [ 136467.468594193225726, 20472.999786389354995 ], [ 133642.695251255732728, 23598.342117255615449 ], [ 133183.732466481422307, 25725.895561506917147 ], [ 134982.507747867173748, 27597.229334847932478 ], [ 132970.398636328754947, 31241.890724312765087 ], [ 137172.718338429462165, 36827.498642967650085 ], [ 140442.442158776713768, 37152.817693051561946 ], [ 147278.265429705323186, 42121.872245652106358 ], [ 152288.015993262262782, 42239.953735618721112 ], [ 153982.029100462881615, 39818.551493902305083 ], [ 157451.067177041259129, 44239.982580028037773 ], [ 162334.853505799168488, 44459.774179557120078 ], [ 167772.402740777964937, 48399.658771489514038 ], [ 169067.243094714620383, 52221.768965005685459 ], [ 174339.923019737820141, 55129.99106919420592 ], [ 175672.990805103938328, 61580.791744386035134 ], [ 182401.999384054826805, 64403.774356534719118 ], [ 184249.418468160758493, 77277.362869315737044 ], [ 187995.497888651472749, 76890.693890408059815 ], [ 192072.826741045864765, 79380.450938062553178 ], [ 190434.922362548939418, 80757.904309205856407 ], [ 191120.737947250541765, 82125.82486930784944 ], [ 194035.967549434484681, 82600.88906758154917 ], [ 195587.38257476745639, 81126.954950402112445 ], [ 202154.478990531089948, 82927.698106299503706 ], [ 204008.179700555163436, 89885.279115088080289 ], [ 209577.174488892487716, 92797.238010701155872 ], [ 212119.328318150772247, 97470.172573532778188 ], [ 218420.294102219660999, 101918.681753333788947 ], [ 218298.075666824996006, 114917.043191760487389 ], [ 221994.448018677125219, 128338.584663900648593 ], [ 226988.087315480050165, 128654.85288780227711 ], [ 233722.13622916166787, 124940.471646322577726 ], [ 237486.652963474596618, 125235.946724834357155 ], [ 242080.297649092361098, 130270.867078324576141 ], [ 242978.485817646462237, 137135.84153333917493 ], [ 240838.827866420033388, 140720.959760912606725 ], [ 243841.10481171819265, 142007.632332967914408 ], [ 243396.968442327401135, 146376.149571827030741 ], [ 254032.638410933723208, 149690.771119977318449 ], [ 257198.571185362787219, 148610.171601803915109 ], [ 265442.851823693839833, 150874.76443205063697 ], [ 273371.213881679985207, 150699.718183551070979 ], [ 275433.197561192035209, 152254.366461341298418 ], [ 287064.348859166493639, 148974.070299635030096 ], [ 292576.48829851183109, 150344.274184565932956 ], [ 299014.560346577723976, 148228.820062509039417 ], [ 302419.02210722619202, 144998.129114479292184 ], [ 310562.929350450402126, 144572.245850057544885 ], [ 321570.112480364274234, 147892.681161273940234 ], [ 321851.4953394641052, 149365.477417443209561 ], [ 325259.764949323027395, 150123.380761018197518 ], [ 323814.645450213749427, 152464.242763509275392 ], [ 329992.55228974216152, 163979.237291506666224 ], [ 322417.887484632141422, 159498.180401355522918 ], [ 320875.838515821844339, 165585.077763503766619 ], [ 340606.421300540678203, 178547.025539987691445 ], [ 337537.233029875671491, 179080.246707897458691 ], [ 336594.708946021273732, 180764.909847850038204 ], [ 332465.532817799830809, 180252.596421975642443 ], [ 322017.680127820232883, 173872.530451081023784 ], [ 319807.452876834489871, 167417.706658271636115 ], [ 317377.859273385663982, 165943.934654837241396 ], [ 302063.8730127599556, 164364.710974956222344 ], [ 291150.419979859492742, 167017.958718600770226 ], [ 284516.794856384280138, 175523.931008989427937 ], [ 280140.850989787431899, 175963.836417629529024 ], [ 271573.629833915038034, 190300.197782883507898 ], [ 265739.949546267220285, 190868.073697238694876 ], [ 263548.743865805328824, 188527.848729132558219 ], [ 263934.576955820841249, 186083.583826318383217 ], [ 256968.814838831400266, 185226.507898988726083 ], [ 252876.585097260511247, 186588.760712446033722 ], [ 251708.89963109564269, 183933.513115670386469 ], [ 247326.516793589311419, 183115.689465005125385 ], [ 237863.027941507403739, 186732.579108819569228 ], [ 237623.174020641978132, 188429.470989295485197 ], [ 239980.470067074144026, 188898.148382295999909 ], [ 238834.877931445691502, 193058.662104814400664 ], [ 242567.715705480688484, 195503.736678952001967 ], [ 243006.113837504672119, 197464.896174853813136 ], [ 239042.621434271452017, 198092.938557612069417 ], [ 235673.682239532761741, 201575.427062766771996 ], [ 230926.362843336479273, 203048.646011831559008 ], [ 230677.406456064636586, 204819.780221322347643 ], [ 223088.012512902030721, 206408.555814763560193 ], [ 216032.457135364646092, 205582.97503693428007 ], [ 213511.272176014492288, 198547.254848686105106 ], [ 215913.242884121835232, 197164.487841785768978 ], [ 214877.289199676859425, 194919.042724502098281 ], [ 210410.968804560427088, 197438.875402875681175 ], [ 207698.970829105266603, 195568.69396706862608 ], [ 203051.886604946572334, 196859.599499073054176 ], [ 198005.612537266890286, 191813.121360176766757 ], [ 195656.196062830538722, 191828.310990395257249 ], [ 187570.247177416167688, 195061.941330377041595 ], [ 187003.99292101096944, 199765.193634982482763 ], [ 183131.609332483698381, 201260.303024992404971 ], [ 184544.353490042005433, 204916.667161873949226 ], [ 180285.52221057144925, 201703.733187519188505 ], [ 177731.68459620050271, 206375.294074475939851 ], [ 170348.267987042432651, 208871.153256500110729 ], [ 171832.448344131262274, 211428.30086450863746 ], [ 177932.724495831556851, 210069.689065204875078 ], [ 178283.141323565650964, 211848.628698398038978 ], [ 181575.188795807596762, 213758.191265073604882 ], [ 184575.25816167955054, 213523.475114251690684 ], [ 183534.432482657255605, 221847.97499609386432 ], [ 177731.482716223079478, 223297.507699506648351 ], [ 169935.004577274026815, 220743.470520278438926 ], [ 168215.435318330273731, 223631.658269486069912 ], [ 171789.915121078200173, 228999.296409605769441 ], [ 180029.746845968911657, 233749.089207759796409 ], [ 187049.822035149962176, 235769.24319099119748 ], [ 188715.904039447108516, 242283.525001703266753 ], [ 195242.851306153141195, 241542.123737720656209 ], [ 197275.916174052021233, 238990.597612256824505 ], [ 200230.037248641630867, 242357.80522352232947 ], [ 203919.102390677813673, 240984.481109199987259 ], [ 204750.447528039570898, 243639.540876787767047 ], [ 208280.863494690420339, 244662.570331098337192 ], [ 212460.472105252789333, 250920.060671659099171 ], [ 214771.610777051129844, 250251.706009552348405 ], [ 215030.930925721855601, 252410.177070293546421 ], [ 224419.553454637818504, 253689.610998057527468 ], [ 227366.626760364888469, 252583.374674661929021 ], [ 237115.368534991226625, 261010.60988430204452 ], [ 241718.391414681216702, 261344.650381368410308 ], [ 248817.805173152766656, 266070.695072149508633 ], [ 256850.685964181873715, 280242.107559139374644 ], [ 259597.2038915224839, 290851.348624944512267 ], [ 254754.703842827235349, 303684.385357394115999 ], [ 257388.934496587957256, 310481.085798156447709 ], [ 259934.363702198519604, 312947.333477934531402 ], [ 258746.643052783736493, 317718.989548219600692 ], [ 253976.271719431533711, 325058.190214567177463 ], [ 256170.915214899607236, 329815.132754226331599 ], [ 253255.357191007729853, 335296.930110774002969 ], [ 250723.381865779316286, 336925.24654007575009 ], [ 244993.983987419080222, 336065.119332268135622 ], [ 243883.84657829531352, 334307.257014107191935 ], [ 239967.962203723785933, 334752.959292193409055 ], [ 235273.488495191326365, 332318.76851069193799 ], [ 232713.074761544499779, 327606.460218500636984 ], [ 235254.033562142722076, 325423.313776434399188 ], [ 229869.689106647943845, 322058.759047498577274 ], [ 224660.233376995107392, 327242.231566797243431 ], [ 218505.391920747119002, 323430.04276931512868 ], [ 217517.109329550701659, 325094.998674564179964 ], [ 215833.803793851402588, 322972.973165549221449 ], [ 212598.659179739101091, 325087.60621518176049 ], [ 215716.714127027022187, 332502.73840854363516 ], [ 221209.096659828122938, 338331.475166070624255 ], [ 227208.984224367741263, 343031.982057126180734 ], [ 230281.976071918441448, 342089.737387589062564 ], [ 241392.538334641838446, 351851.903115486144088 ], [ 242338.825130984012503, 354820.462684670346789 ], [ 242076.052880832983647, 360848.358172000851482 ], [ 237845.071653224033071, 361517.634154222963843 ], [ 237465.442729930247879, 364013.533616633387282 ], [ 231684.418991869548336, 367953.969713095051702 ], [ 231775.308188307681121, 371155.451350649702363 ], [ 229407.461655419290764, 373830.193532741337549 ], [ 226241.550513492256869, 373772.879524682182819 ], [ 224034.975713799911318, 378168.666206340421923 ], [ 220186.917791399202542, 379093.754451869579498 ], [ 219172.407121310941875, 382296.86701998236822 ], [ 220572.089309714763658, 384540.845096652046777 ], [ 225864.922768574237125, 385751.535561958386097 ], [ 226607.585093992558541, 383231.76613971486222 ], [ 227733.70058525755303, 382756.513351769244764 ], [ 228174.987258721550461, 393349.658273894689046 ], [ 239003.797939019277692, 396294.397215047560167 ], [ 248759.69102820759872, 394310.524015888979193 ], [ 251115.25878414476756, 390759.730148560367525 ], [ 250577.233394218201283, 388343.295067969651427 ], [ 252559.129001749533927, 387441.124902487383224 ], [ 253181.935399686830351, 383549.556979375600349 ], [ 254759.218668275687378, 382510.125532699283212 ], [ 266158.282461493217852, 383266.261865588370711 ], [ 263594.223223034292459, 378751.416154973907396 ], [ 268454.924965828598943, 376841.070315214747097 ], [ 273412.179250070243143, 379299.874649058154318 ], [ 274686.53707624762319, 381500.385549146623816 ], [ 273999.439185571973212, 384397.903865769389085 ], [ 275539.997080124972854, 385532.385653665638529 ], [ 279396.375354055780917, 383295.864222787960898 ], [ 282106.93535365286516, 383738.315368158859201 ], [ 285777.136805939197075, 380279.717869024258107 ], [ 292627.642413861642126, 379476.008730258443393 ], [ 300090.838499170553405, 383864.220246307726484 ], [ 310180.027247199206613, 386666.579009501205292 ], [ 313740.685121519665699, 386353.333569891110528 ], [ 315804.492689279082697, 384061.494852931937203 ], [ 318541.879877816594671, 384400.193196207052097 ], [ 315425.206358283699956, 396158.498124696663581 ], [ 323376.780537944810931, 393946.056513748131692 ], [ 329748.662565776146948, 397043.93478732695803 ], [ 326974.216001796943601, 402120.011650581436697 ], [ 322633.579794676566962, 405092.562088985345326 ], [ 324790.562481385248248, 406336.406600292422809 ], [ 328619.974025033647195, 417034.770169325289316 ], [ 327492.679283548961394, 422956.839585149020422 ], [ 329808.01926477253437, 442442.304652120685205 ], [ 328963.757807140529621, 450592.829328379768413 ], [ 335062.924348453816492, 454040.750726687721908 ], [ 339210.425295895372983, 462013.642597420315724 ], [ 335735.496509495307691, 460653.944944031827617 ], [ 333840.405916287156288, 463275.096287928055972 ], [ 332865.579920953663532, 460882.29277566896053 ], [ 329609.468552220496349, 462116.518015874782577 ], [ 328339.598486768547446, 460476.524620641488582 ], [ 327315.214677713112906, 463077.067423477652483 ], [ 323191.93281765532447, 460420.418585843173787 ], [ 319784.921793998451903, 460674.730318456655368 ], [ 306460.937652547494508, 487912.007783484528773 ], [ 305324.133213439490646, 494681.266243527818006 ], [ 292971.363313554495107, 513905.452201331499964 ], [ 296622.69687697471818, 520436.893816542404238 ], [ 297243.909601724823005, 530133.287304647266865 ], [ 306063.626168222748674, 541849.934626121539623 ], [ 304586.009861210244708, 548448.910716922720894 ], [ 313509.221096548892092, 558814.578110854723491 ], [ 313450.803380600409582, 561757.24576540873386 ], [ 309849.98716571147088, 558600.07652505452279 ], [ 303429.443696563190315, 558116.343064111308195 ], [ 295767.142249031923711, 550297.526951869949698 ], [ 285612.334645461989567, 550930.851333530503325 ], [ 282689.839587654569186, 547532.959266071906313 ], [ 272667.722080634790473, 542283.307358394609764 ], [ 267054.055963903374504, 543476.494736338732764 ], [ 265652.043278054101393, 541954.700642049312592 ], [ 261222.06665035552578, 543739.898716849973425 ], [ 254903.228293262043735, 550240.1286054875236 ], [ 251504.719213329197373, 550313.117273197509348 ], [ 249571.078543816664023, 552344.344459695741534 ], [ 249822.423488341562916, 537433.958311300724745 ], [ 245963.14715243325918, 533004.701390380505472 ], [ 236951.782001983461669, 537297.175917029264383 ], [ 231375.911409422929864, 544946.615507523762062 ], [ 225462.621079932287103, 549971.681414823746309 ], [ 217799.892874235840281, 553580.827625659643672 ], [ 211530.721436826366698, 549115.152642738656141 ], [ 214147.192249768442707, 538494.137341176508926 ], [ 216401.739280212554149, 536108.859434263198636 ], [ 215216.670613089401741, 532578.927719742292538 ], [ 216879.362144663347863, 530162.547802941757254 ], [ 214180.799521947512403, 529322.605645101284608 ], [ 208014.402707628294593, 533406.432913331547752 ], [ 208585.674316319637001, 538194.27894960984122 ], [ 206026.421968535112683, 545658.114283485454507 ], [ 197081.931972388672875, 555952.351956326398067 ], [ 194900.20036836725194, 562453.424923006212339 ], [ 195187.414646129764151, 569407.457350561162457 ], [ 197274.914816589996917, 573472.129152088076808 ], [ 200788.697184456250397, 574626.673977290745825 ], [ 202671.554497373086633, 574481.770397723768838 ], [ 204211.447101159283193, 571707.786422355333343 ], [ 204065.561958591191797, 577243.707570783561096 ], [ 208195.69976088416297, 587213.919306326773949 ], [ 217136.564450612757355, 596824.39358117734082 ], [ 218517.368556714063743, 607499.001140593085438 ], [ 223195.753924939170247, 611658.210294291144237 ], [ 225562.430238361412194, 618300.846922325901687 ], [ 231427.464426001650281, 621020.20366484427359 ], [ 233352.303560556087177, 625864.192271682084538 ], [ 229632.108934735093499, 631065.163383602630347 ], [ 231222.124119669751963, 633749.412121535860933 ], [ 230287.931105702737113, 636166.707320485264063 ], [ 220243.574407964712009, 641863.825604883604683 ], [ 220746.650175939517794, 643998.030685657518916 ], [ 216508.705727081629448, 648684.359952367958613 ], [ 216918.179579644842306, 653000.808574211550876 ], [ 215286.993978921265807, 649461.354826544760726 ], [ 212717.074188648315612, 650941.010944654466584 ], [ 215559.973462409805506, 659055.533816756564192 ], [ 218749.119034838717198, 660117.299366688355803 ], [ 217830.249436964339111, 670294.408644538954832 ], [ 219368.522407257813029, 676286.815609571756795 ], [ 224632.032227674440946, 679239.322898370213807 ], [ 221366.389178807963617, 680435.718770456616767 ], [ 220475.889751566835912, 683375.646840416127816 ], [ 214411.916892759443726, 666477.160389580647461 ], [ 209464.491082813066896, 667080.071587163605727 ], [ 211649.752141830220353, 665652.35940700059291 ], [ 212896.481966388731962, 657036.518367846263573 ], [ 211457.801758041750873, 655296.341676461976022 ], [ 212382.49003634986002, 652187.926394633366726 ], [ 209799.489500813331688, 650741.044995038071647 ], [ 206245.759137880289927, 656118.035785376443528 ], [ 201144.507576113654068, 657717.087112670298666 ], [ 200669.885062331624795, 661442.754754748078994 ], [ 202574.742163458053255, 664954.58934006060008 ], [ 200411.503806013788562, 666986.290002282243222 ], [ 199344.814280480728485, 662810.670942377531901 ], [ 195679.129441091208719, 665475.759658466209657 ], [ 192209.487627942318795, 665858.377769876853563 ], [ 189469.733038085483713, 672197.821429721196182 ], [ 190874.349949521187227, 683651.211210032575764 ], [ 187933.40516649017809, 682527.057269796147011 ], [ 186178.195969730761135, 684026.537246630410664 ], [ 187379.99142312418553, 672789.636003151652403 ], [ 193280.810515285498695, 659294.638068781117909 ], [ 192094.40711446487694, 656547.580592914368026 ], [ 187481.510606092691887, 654979.60680183453951 ], [ 184506.240263161249459, 651261.1758420788683 ], [ 182104.29833929167944, 644027.247542934725061 ], [ 183088.083013176219538, 636473.555773725151084 ], [ 181111.710185204778099, 635357.725555136799812 ], [ 179340.219186059985077, 626908.987287176772952 ], [ 176442.222412934643216, 621691.914975656429306 ], [ 178082.924963626050157, 612867.842065593227744 ], [ 171667.550990160612855, 606395.203336793347262 ], [ 160765.339674923598068, 604960.091074500232935 ], [ 157962.778617445350392, 606811.731501689413562 ], [ 157818.081845685432199, 612686.293931067222729 ], [ 158788.793116678862134, 617863.935870854882523 ], [ 164044.30880458993488, 623109.638986784499139 ], [ 164795.764777384873014, 637596.559016833780333 ], [ 166937.433714512357255, 640558.668649119092152 ], [ 168008.604947573301615, 649721.728012790088542 ], [ 174040.694112531957217, 656672.915487828780897 ], [ 169070.607999201660277, 663878.916331685497425 ], [ 172469.524756231781794, 672606.086407220805995 ], [ 169374.452431422279915, 671138.146635895012878 ], [ 168420.841618326579919, 674739.148914263350889 ], [ 166352.983301500091329, 673915.793012335780077 ], [ 165412.522823183273431, 675362.217255547875538 ], [ 167597.985991764086066, 677115.370424808003008 ], [ 167186.888894139061449, 679360.661985419341363 ], [ 170915.667998579330742, 687872.207611820776947 ], [ 177616.993824115488678, 695566.638557006255724 ], [ 176942.404643418907654, 698262.10673767758999 ], [ 174518.616494760615751, 695650.400983624509536 ], [ 174600.13119098576135, 698685.957351453136653 ], [ 172369.949086126900511, 698837.442319972906262 ], [ 177565.543973186926451, 705970.338195118238218 ], [ 174500.495708237227518, 704155.512792146881111 ], [ 172993.875580952328164, 705586.022726694005542 ], [ 173015.773699876765022, 702898.480094498721883 ], [ 170987.776309669658076, 701684.162138585466892 ], [ 171731.3303306439484, 696666.108970171073452 ], [ 161667.269094584713457, 680739.236527739674784 ], [ 158807.609504617081257, 672602.880152645870112 ], [ 152402.296500473079504, 661940.444267544546165 ], [ 146753.075380495778518, 661458.961566202808172 ], [ 144612.65335667601903, 663748.885877932072617 ], [ 147300.155036584677873, 659892.958866385510191 ], [ 147782.552024238306331, 647868.05751749954652 ], [ 140804.29283837537514, 644476.275977091630921 ], [ 139612.893045870034257, 642376.059260517708026 ], [ 135737.146460131159984, 643742.811588260927238 ], [ 131439.03146583691705, 639005.176087046740577 ], [ 126202.297147882403806, 640576.695933324052021 ], [ 127126.717796783152153, 646564.118905632174574 ], [ 128984.455188225023448, 648951.099675532546826 ], [ 130958.723440591682447, 649031.250819628126919 ], [ 129685.583422329116729, 653371.554321021423675 ], [ 126459.41757109494938, 655330.540570905199274 ], [ 127665.880917787406361, 659538.602159151923843 ], [ 131250.119126625300851, 661104.043132808990777 ], [ 128991.939236213656841, 662255.267844099667855 ], [ 122172.141784776045824, 652818.89335896843113 ], [ 118143.563182345140376, 650112.742357603041455 ], [ 115261.678470484708669, 650814.94659535237588 ], [ 114238.810545817235834, 654245.657680669799447 ], [ 116374.353181789861992, 655672.243835893692449 ], [ 119485.420119884583983, 662371.790425246232189 ], [ 117835.177205776097253, 664692.452038082294166 ], [ 120501.78051112947287, 671846.141476404620335 ], [ 124461.795635942835361, 672517.522713868878782 ], [ 128080.884885394145385, 676901.846196466125548 ], [ 130314.754034224199131, 677009.608345817774534 ], [ 131681.062467725249007, 674317.210397415561602 ], [ 137326.173319188907044, 679418.954132613143884 ], [ 142250.683389949903358, 680438.147401200607419 ], [ 143791.660394881415414, 679054.446945519302972 ], [ 142876.241147381486371, 674068.96815374714788 ], [ 143103.786629146459745, 673927.627297204453498 ], [ 146851.415011075558141, 680067.021400353638455 ], [ 151355.965005811449373, 681436.561004311544821 ], [ 149099.734713156183716, 682985.168955820729025 ], [ 153097.657794115599245, 690338.155879434780218 ], [ 166135.309229912381852, 699939.687822282663547 ], [ 168315.356182755960617, 711186.871838900726289 ], [ 163593.429123131936649, 708248.107846677536145 ], [ 162483.538870420248713, 709758.026257310877554 ], [ 166069.601925954048056, 713339.538324793800712 ], [ 172720.776750428776722, 713190.246224634815007 ], [ 173941.38994970190106, 715452.218558935448527 ], [ 172341.190250944608124, 716399.634993834421039 ], [ 172199.977318529796321, 720289.694604014395736 ], [ 176909.48687876216718, 721249.047161010326818 ], [ 180514.624261955847032, 724054.657689961022697 ], [ 176955.013848498434527, 726124.818894558004104 ], [ 176989.065183578029973, 727575.622305205091834 ], [ 189563.211139448365429, 736391.010737280827016 ], [ 189228.158871952240588, 737702.031360969878733 ], [ 187199.505800178216305, 735711.790191725711338 ], [ 185243.067687036149437, 736891.980376044288278 ], [ 186441.268442479253281, 741060.699929461465217 ], [ 184609.905100239207968, 736527.046056885737926 ], [ 182430.284936750598717, 736881.118874103063717 ], [ 177507.335246056551114, 734040.72666688344907 ], [ 176767.27140313538257, 735331.574419743265025 ], [ 178921.016269566724077, 737759.329296115436591 ], [ 177785.540503512427676, 739335.747374501428567 ], [ 181900.30276148946723, 741409.715306125581264 ], [ 186488.132580863224575, 747128.906914576888084 ], [ 190354.213121454085922, 748019.608462820760906 ], [ 190286.041689667152241, 749926.789654282969423 ], [ 194482.151258831727318, 752749.092456340556964 ], [ 196020.295255720004207, 756937.26817661523819 ], [ 201909.11251336033456, 760290.573771814233623 ], [ 197776.283531576598762, 760853.737978190765716 ], [ 186890.356480670947349, 751396.577526439214125 ], [ 181967.4552527864289, 744161.241862229420803 ], [ 176173.545942935568746, 740232.217331700376235 ], [ 172990.413717439747415, 739021.663876886246726 ], [ 171458.455959384358721, 741102.327484381035902 ], [ 168792.89336722122971, 741586.048090952797793 ], [ 167694.586286161618773, 743239.988262232509442 ], [ 167031.77551507006865, 743254.745145969791338 ], [ 169222.363180950487731, 740081.404231647611596 ], [ 171310.337789465062087, 739986.872708783601411 ], [ 175887.091649047797546, 735963.706818344187923 ], [ 176237.761685363686411, 732087.884263797430322 ], [ 171914.60899488418363, 724218.220700289937668 ], [ 163120.223272790346527, 718539.446576606365852 ], [ 158726.281359349843115, 720679.408908126875758 ], [ 160267.663263660564553, 723471.172193038510159 ], [ 157469.189559193851892, 720384.670553821604699 ], [ 150266.058962879149476, 717553.734875385300256 ], [ 137730.12210873310687, 717391.215341265778989 ], [ 136143.768515883799409, 715151.709621009998955 ], [ 130167.112020926506375, 716315.875712676905096 ], [ 130220.542432527305209, 714795.051522578811273 ], [ 128682.852815921767615, 714813.787643059389666 ], [ 129962.626623347096029, 716473.961139325168915 ], [ 127130.574908103706548, 718989.27782346343156 ], [ 128294.76064220853732, 721608.203908797237091 ], [ 125243.132948404934723, 720055.71250970591791 ], [ 124980.53185987607867, 718057.714624347281642 ], [ 123308.795633136527613, 718441.152068441966549 ], [ 123207.846010481443955, 720062.724792897934094 ], [ 124977.572257919833646, 720360.509050980908796 ], [ 125002.784599936814629, 724991.232333625317551 ], [ 127622.490950941180927, 727294.38148927653674 ], [ 141253.855526659026509, 725293.157181265298277 ], [ 139052.463204385450808, 728250.980143449851312 ], [ 143035.046509056061041, 732880.943979973788373 ], [ 142563.995587658835575, 736357.370309426565655 ], [ 137268.084230277629104, 735371.503732676850632 ], [ 136581.321904104785062, 738293.903143078438006 ], [ 133642.373025315522682, 739296.384782452019863 ], [ 134674.177813301299466, 743301.731067109736614 ], [ 141811.37233273187303, 742395.9300060182577 ], [ 132341.817302165931324, 746182.331072134897113 ], [ 132633.905363064957783, 749074.145845075836405 ], [ 134739.919742403726559, 750058.480400287662633 ], [ 133835.863770638621645, 754851.744284638436511 ], [ 139618.284964463382494, 755781.591637231525965 ], [ 140238.927429708826821, 758036.759321088087745 ], [ 146956.977574899763567, 760222.76032195368316 ], [ 153435.385579166992102, 755402.426196124404669 ], [ 153849.643076843611198, 758721.503344087512232 ], [ 156974.784496761189075, 759034.2065609395504 ], [ 151552.881353673001286, 762065.520373595878482 ], [ 143357.826495379034895, 762008.156490319175646 ], [ 140572.69684363930719, 765213.576381800114177 ], [ 140589.206960066658212, 767928.551506355637684 ], [ 143708.195974147354718, 771364.808633602922782 ], [ 156250.089486775512341, 772404.989516244502738 ], [ 157716.73442883201642, 773927.17234447831288 ], [ 161368.891391335258959, 770806.756157802068628 ], [ 162660.464905370259658, 777150.883533118991181 ], [ 168309.014296770037618, 779266.005597615498118 ], [ 170206.66828686662484, 783285.079963069176301 ], [ 167738.530192229314707, 781744.615232023759745 ], [ 164592.397872201370774, 782288.215546881197952 ], [ 162881.728746722568758, 780324.66672679502517 ], [ 160290.317253771558171, 782978.640282855019905 ], [ 159601.908789986919146, 786379.092162513523363 ], [ 163920.441932860063389, 789867.69396628823597 ], [ 166796.2810818409489, 798034.249255522852764 ], [ 171682.411351481277961, 798945.292183023877442 ], [ 169810.733145248930668, 799724.966377930017188 ], [ 169061.235180302959634, 804164.224803022108972 ], [ 174179.9180208419275, 810029.192078809835948 ], [ 178203.417394690361107, 810779.562248612521216 ], [ 175402.651446474163095, 815359.165381166269071 ], [ 172331.013787421252346, 814032.289810582529753 ], [ 170644.020516351301922, 809227.281191458925605 ], [ 167547.202672190527664, 807437.65958765137475 ], [ 164298.284711234737188, 802193.640087616397068 ], [ 160176.707954634039197, 798997.959582557086833 ], [ 155645.463635685620829, 798220.986678256304003 ], [ 154296.129987187770894, 803863.704194695455953 ], [ 157126.319823796773562, 811199.364182093995623 ], [ 161449.853578428679612, 814985.488669875776395 ], [ 158071.047754917206476, 814695.762355622719042 ], [ 157689.926368719752645, 817518.121993981534615 ], [ 153794.932660204765853, 810559.174062335281633 ], [ 152088.612492884858511, 810007.680965686449781 ], [ 150235.099771051289281, 812501.988455745158717 ], [ 151007.557749058789341, 816149.762418444850482 ], [ 149353.768677782150917, 817307.508482123492286 ], [ 146435.575665744428989, 811929.471639835042879 ], [ 143027.677384293405339, 811582.38964590348769 ], [ 141644.618312831211369, 814598.660252440720797 ], [ 142995.058180336782243, 815842.044259743415751 ], [ 138068.439951246691635, 815226.034547781338915 ], [ 138681.080081358202733, 818015.887858437024988 ], [ 135793.31035650629201, 819024.899129744968377 ], [ 134381.468672368297121, 823233.004310034564696 ], [ 132098.498001682863105, 824917.234415551065467 ], [ 129010.022760201813071, 831231.219982490991242 ], [ 130494.90975037496537, 834690.452546151354909 ], [ 127439.961216997224255, 835764.225199326639995 ], [ 128731.571882788470248, 838136.566595581592992 ], [ 126635.002479219401721, 838975.613460915046744 ], [ 125268.342092416540254, 835181.731659699929878 ], [ 120044.077280120938667, 837879.544739238452166 ], [ 118599.80960260971915, 835884.890396113041788 ], [ 118527.449116804971709, 838227.358743220684119 ], [ 114412.619961713222438, 842794.951618214137852 ], [ 114423.728794467911939, 845740.888160889735445 ], [ 111635.794801241121604, 846509.686372876982205 ], [ 112249.695284815825289, 849721.024934484506957 ] ], [ [ 176122.183488815615419, 815666.02058693266008 ], [ 176171.127652627794305, 815737.664093043887988 ], [ 176220.945293067255989, 815797.647007459541783 ], [ 176005.178569120296743, 815641.502314635785297 ], [ 176122.183488815615419, 815666.02058693266008 ] ], [ [ 179588.242687113728607, 819173.185538403107785 ], [ 179928.966234577354044, 819598.168905378202908 ], [ 179886.785862495395122, 819751.395563145168126 ], [ 179633.485985717270523, 819519.115648366045207 ], [ 179588.242687113728607, 819173.185538403107785 ] ], [ [ 181028.41004592255922, 824718.49041960760951 ], [ 181980.655541646265192, 824874.825015944312327 ], [ 182520.251731992262648, 825359.37423282302916 ], [ 179665.279500944219762, 826190.181083307834342 ], [ 181028.41004592255922, 824718.49041960760951 ] ], [ [ 181833.392730400082655, 834497.024697155458853 ], [ 182288.707443460501963, 834692.676482986658812 ], [ 181436.465448039904004, 835342.6263475647429 ], [ 181603.02407522968133, 835102.378670426318422 ], [ 181833.392730400082655, 834497.024697155458853 ] ], [ [ 170590.234272912144661, 835451.434967821463943 ], [ 170559.709736124234041, 835442.407501958427019 ], [ 170713.757630482054083, 835319.631961212027818 ], [ 170700.714596426987555, 835365.607033988228068 ], [ 170590.234272912144661, 835451.434967821463943 ] ], [ [ 183266.420577690936625, 856215.08912950148806 ], [ 183404.98209896258777, 855923.638058855431154 ], [ 183695.869349587650504, 856098.486162012675777 ], [ 183558.57203317375388, 856127.840294566936791 ], [ 183266.420577690936625, 856215.08912950148806 ] ], [ [ 184608.186705196159892, 856181.790250294841826 ], [ 185000.91495706004207, 855995.611538634868339 ], [ 185672.703888682794059, 856175.032134032226168 ], [ 185044.711657280044165, 856456.555437196744606 ], [ 184608.186705196159892, 856181.790250294841826 ] ], [ [ 187984.728040903632063, 855927.152220461517572 ], [ 188105.891005219687941, 855908.752747151535004 ], [ 188114.388417560840026, 855940.860576176433824 ], [ 187913.89032537912135, 856008.28490316751413 ], [ 187984.728040903632063, 855927.152220461517572 ] ], [ [ 183766.723086923768278, 887268.378692667465657 ], [ 183265.825552186841378, 884907.979356344090775 ], [ 183895.933391935483087, 884000.699398314231075 ], [ 185877.2456010550668, 886008.890186212258413 ], [ 183766.723086923768278, 887268.378692667465657 ] ], [ [ 201181.310346119862515, 894891.527762087644078 ], [ 201931.034951385430759, 894362.909438324626535 ], [ 201609.140495884203119, 894791.214453643304296 ], [ 201181.310346119862515, 894891.527762087644078 ] ], [ [ 200462.538072244933574, 908470.8236443962669 ], [ 200513.513747883233009, 908133.678231172030792 ], [ 201075.389293887536041, 907608.946850961307064 ], [ 200844.31196362269111, 908545.56495936459396 ], [ 200462.538072244933574, 908470.8236443962669 ] ], [ [ 280348.242308704589959, 886105.191116066998802 ], [ 278547.986577504314482, 886149.301278138533235 ], [ 277090.344729140284471, 885614.806634453008883 ], [ 279420.216081455233507, 885495.78743081074208 ], [ 280348.242308704589959, 886105.191116066998802 ] ], [ [ 276057.381537488254253, 855431.567559548071586 ], [ 271494.425699105777312, 854530.606862908927724 ], [ 267679.831543715146836, 848435.048725576139987 ], [ 269191.542155237752013, 847766.17530861555133 ], [ 276642.427850388397928, 854445.548188921646215 ], [ 276057.381537488254253, 855431.567559548071586 ] ], [ [ 263298.815793498652056, 847163.167695000534877 ], [ 262893.157204686664045, 847216.000277418410406 ], [ 262865.026446870702785, 847127.541691702790558 ], [ 263136.270048164064065, 847098.534351609298028 ], [ 263298.815793498652056, 847163.167695000534877 ] ], [ [ 307792.885107459092978, 680919.366180264158174 ], [ 306691.210509946511593, 682304.257944821147248 ], [ 301330.703340619336814, 683383.430804309085943 ], [ 301574.045494434656575, 682825.401976582361385 ], [ 307792.885107459092978, 680919.366180264158174 ] ], [ [ 298856.653589584748261, 684062.458957135095261 ], [ 298660.554006443067919, 684161.588376040570438 ], [ 298397.163758625974879, 684117.518674498307519 ], [ 298613.455567540600896, 683943.541033249115571 ], [ 298856.653589584748261, 684062.458957135095261 ] ], [ [ 504843.783600904338527, 424884.533533299225383 ], [ 504822.096319830045104, 424948.440121840161737 ], [ 504486.968129317043349, 424829.299849759903736 ], [ 504843.783600904338527, 424884.533533299225383 ] ], [ [ 341749.489995018986519, 179341.634896088915411 ], [ 342686.614994366420433, 179993.081564093125053 ], [ 341885.382735926483292, 179946.045971426792676 ], [ 341749.489995018986519, 179341.634896088915411 ] ], [ [ 185050.778952299326193, 204849.749618634552462 ], [ 185709.693395285663428, 204823.433001598634291 ], [ 186096.191805449518142, 204690.763192084123148 ], [ 185733.15514418418752, 205415.024912977271015 ], [ 185050.778952299326193, 204849.749618634552462 ] ], [ [ 204326.253711933881277, 571489.935942074051127 ], [ 204631.545645541424165, 569790.838502586702816 ], [ 204828.278446314739995, 569505.11215215199627 ], [ 204715.708804631780367, 570774.162327629514039 ], [ 204326.253711933881277, 571489.935942074051127 ] ], [ [ 205991.669048013631254, 567297.555755155277438 ], [ 204509.350015950389206, 565983.469728212221526 ], [ 206533.848631999950157, 562406.934265057556331 ], [ 207238.483358740777476, 563466.531804326106794 ], [ 205991.669048013631254, 567297.555755155277438 ] ], [ [ 219528.7352493738872, 656529.005733749363571 ], [ 219703.592712389247026, 657457.440932512283325 ], [ 219421.225254226505058, 658163.722408805740997 ], [ 219287.615922033321112, 657433.155353009467945 ], [ 219528.7352493738872, 656529.005733749363571 ] ], [ [ 226775.341518490022281, 679611.291582358651794 ], [ 230316.064027348911623, 678217.366749745095149 ], [ 228558.391769531823229, 681431.526361667201854 ], [ 226775.341518490022281, 679611.291582358651794 ] ], [ [ 176844.321278277522651, 710969.329803731408902 ], [ 177175.474926543975016, 710887.36069727956783 ], [ 177209.900942892883904, 711102.817235199850984 ], [ 176911.926479692279827, 711173.361926812911406 ], [ 176844.321278277522651, 710969.329803731408902 ] ], [ [ 172480.663668455585139, 707057.967275065602735 ], [ 172602.064237085927743, 706926.122753645526245 ], [ 172502.87645703429007, 707277.642068063723855 ], [ 172495.862996224605013, 707143.690154660493135 ], [ 172480.663668455585139, 707057.967275065602735 ] ], [ [ 172499.264857012371067, 707408.621272704796866 ], [ 172492.445116588234669, 707419.738297744421288 ], [ 172498.525984417181462, 707365.418691291008145 ], [ 172499.264857012371067, 707408.621272704796866 ] ], [ [ 142746.511775702558225, 725222.026645221165381 ], [ 143386.934711496054661, 724853.967486719135195 ], [ 146721.154210267792223, 725925.168684970471077 ], [ 144087.541387928911718, 726003.118467857944779 ], [ 142746.511775702558225, 725222.026645221165381 ] ], [ [ 147677.527971723669907, 726354.357731792726554 ], [ 147735.558365779521409, 726355.350301770493388 ], [ 147767.754942085768562, 726374.781237057759427 ], [ 147709.616237003734568, 726376.23851733666379 ], [ 147677.527971723669907, 726354.357731792726554 ] ], [ [ 150359.77890854186262, 727277.66223116312176 ], [ 151344.330508447426837, 727520.141779901110567 ], [ 151280.699680461810203, 728282.174273149576038 ], [ 150359.77890854186262, 727277.66223116312176 ] ], [ [ 137298.888880674232496, 738532.589232331840321 ], [ 137340.245161551196361, 738530.124230164801702 ], [ 137361.532300916325767, 738526.746086440049112 ], [ 137329.862360486906255, 738560.442817529197782 ], [ 137298.888880674232496, 738532.589232331840321 ] ], [ [ 146007.254139014083194, 737397.450647487537935 ], [ 146440.25692582729971, 737722.196723437635228 ], [ 145340.388384172489168, 737673.785234404029325 ], [ 145807.612445446313359, 737508.940283919335343 ], [ 146007.254139014083194, 737397.450647487537935 ] ], [ [ 150088.033555755246198, 737848.433720589033328 ], [ 152021.354550888994709, 738940.602535253274255 ], [ 152029.766571831365582, 739202.051878868718632 ], [ 149834.396532507409574, 738677.61299629881978 ], [ 150088.033555755246198, 737848.433720589033328 ] ], [ [ 142674.697295132355066, 741627.27148007391952 ], [ 142901.815215829061344, 741697.854337423457764 ], [ 142474.017094617040129, 742003.761966823833063 ], [ 142575.404410871007713, 741835.841394969960675 ], [ 142674.697295132355066, 741627.27148007391952 ] ], [ [ 153916.991560485155787, 753929.683215792058036 ], [ 154618.879068412730703, 751884.830967584392056 ], [ 155498.146937884477666, 751130.310271793510765 ], [ 154975.832051277538994, 753057.007168757962063 ], [ 153916.991560485155787, 753929.683215792058036 ] ], [ [ 156404.911453089007409, 749542.516438923077658 ], [ 157512.836580784118269, 744950.369079265627079 ], [ 162632.970671403192682, 744343.309072803007439 ], [ 164212.386454087361926, 743500.53499290405307 ], [ 165964.992561462306185, 743440.775354293175042 ], [ 159504.587522708228789, 745915.824243618873879 ], [ 156404.911453089007409, 749542.516438923077658 ] ], [ [ 174407.458707998885075, 798930.084072266239673 ], [ 175712.857889914506814, 795573.700918317539617 ], [ 176465.624546946201008, 795358.165969712892547 ], [ 175741.517817463376559, 799365.817530935280956 ], [ 174407.458707998885075, 798930.084072266239673 ] ], [ [ 180142.283602738752961, 810764.170707257697359 ], [ 180612.572688390879193, 810350.126673394930549 ], [ 182721.854457772686146, 809882.03025078587234 ], [ 182213.311669003422139, 810288.228846840327606 ], [ 180142.283602738752961, 810764.170707257697359 ] ], [ [ 203565.291016244125785, 766995.008687625289895 ], [ 203607.182031290431041, 767057.544250594102778 ], [ 203648.462737376219593, 767113.704235978308134 ], [ 203565.658920179383131, 767059.796570620150305 ], [ 203565.291016244125785, 766995.008687625289895 ] ], [ [ 203854.469552465598099, 767313.134222862077877 ], [ 204055.581685679062502, 767460.198920044698752 ], [ 204200.799805528891739, 767797.906610713340342 ], [ 203879.460712347266963, 767345.187572163413279 ], [ 203854.469552465598099, 767313.134222862077877 ] ], [ [ 178486.624825748876901, 709431.711760885198601 ], [ 178481.569584248645697, 708691.613854051684029 ], [ 179175.32842498095124, 709061.83643317699898 ], [ 178773.383840066439006, 709188.805907808244228 ], [ 178486.624825748876901, 709431.711760885198601 ] ], [ [ 192486.455138738587266, 685565.047159237554297 ], [ 193243.836084595619468, 686329.518236932111904 ], [ 194167.348038724274375, 689069.027036623563617 ], [ 193213.069849349820288, 688712.271794058964588 ], [ 192486.455138738587266, 685565.047159237554297 ] ], [ [ 196315.554290059633786, 692146.937980425194837 ], [ 197028.534230981807923, 692722.648137915995903 ], [ 196565.669524032768095, 692528.940720071201213 ], [ 196315.554290059633786, 692146.937980425194837 ] ], [ [ 199397.452948102552909, 695279.292133716167882 ], [ 199490.683550343295792, 695739.567799510201439 ], [ 199423.929109699180117, 696226.13606152695138 ], [ 198793.774992240272695, 695728.119072633679025 ], [ 199397.452948102552909, 695279.292133716167882 ] ], [ [ 207547.748982433084166, 701761.487423759535886 ], [ 207548.137707513233181, 701761.859162760199979 ], [ 207548.02848764025839, 701762.335360904922709 ], [ 207547.748982433084166, 701761.487423759535886 ] ], [ [ 208453.599010611040285, 704668.177886087098159 ], [ 208544.224274589971174, 704898.561584421200678 ], [ 208476.642607296846109, 704842.151580496923998 ], [ 208453.599010611040285, 704668.177886087098159 ] ], [ [ 209267.187900825665565, 706051.519183044903912 ], [ 209317.844855794130126, 706254.123091835994273 ], [ 209368.57709350073128, 706367.96822867449373 ], [ 209243.491629463416757, 706207.998450440121815 ], [ 209267.187900825665565, 706051.519183044903912 ] ], [ [ 210455.857751814270159, 707435.338976745842956 ], [ 210902.581216358172242, 707837.109136681538075 ], [ 210643.055037682002876, 708013.112722520716488 ], [ 210514.572401546378387, 707779.21353747183457 ], [ 210455.857751814270159, 707435.338976745842956 ] ], [ [ 208089.089422161196126, 670551.930772407329641 ], [ 208477.19896287570009, 670107.891689432552084 ], [ 208724.751374062994728, 669079.414057936519384 ], [ 208474.795737766631646, 670806.187819587998092 ], [ 208089.089422161196126, 670551.930772407329641 ] ], [ [ 208576.310798023914685, 668255.259654293535277 ], [ 208505.059897803585045, 668163.43282436823938 ], [ 208466.134422653121874, 668123.450780638377182 ], [ 208608.147484670655103, 668107.258569519384764 ], [ 208576.310798023914685, 668255.259654293535277 ] ], [ [ 220436.364581720205024, 683495.629394837887958 ], [ 220340.776942310098093, 683799.447603501495905 ], [ 220316.639326384320157, 684057.677759099751711 ], [ 220264.433326990983915, 683908.247389349620789 ], [ 220436.364581720205024, 683495.629394837887958 ] ], [ [ 220363.311115413380321, 684976.382383455755189 ], [ 220430.640703518671216, 686279.469723692163825 ], [ 219998.477402454096591, 686841.057751749642193 ], [ 219996.451129070075694, 686161.749599757720716 ], [ 220363.311115413380321, 684976.382383455755189 ] ], [ [ 349864.311999959405512, 181749.575241820100928 ], [ 350756.062806567933876, 182013.56585096148774 ], [ 350631.587769011384808, 184068.967223486717558 ], [ 349952.752057688951027, 182918.545812691794708 ], [ 349864.311999959405512, 181749.575241820100928 ] ], [ [ 246885.661455190071138, 51468.213070190540748 ], [ 247631.686518319824245, 51402.883916625833081 ], [ 247899.184857463289518, 52159.212121698983537 ], [ 246998.759252778225346, 51720.590581912343623 ], [ 246885.661455190071138, 51468.213070190540748 ] ], [ [ 349101.36211298359558, 729874.736772263306193 ], [ 348773.090822692960501, 729962.866697763907723 ], [ 348608.40544225438498, 729836.327148746582679 ], [ 349101.36211298359558, 729874.736772263306193 ] ], [ [ 341588.225242104148492, 729359.595240686205216 ], [ 335398.455602088128217, 726780.757924328092486 ], [ 334829.457476596464403, 725621.389870146638714 ], [ 338773.912421496701427, 727095.583343306207098 ], [ 341588.225242104148492, 729359.595240686205216 ] ], [ [ 350922.947429398947861, 730733.994282301515341 ], [ 349923.669768250430934, 729879.395754194818437 ], [ 353718.436659253085963, 729502.298207216546871 ], [ 351509.354580692772288, 730607.599818739108741 ], [ 350922.947429398947861, 730733.994282301515341 ] ], [ [ 277889.905577268393245, 868529.96398094354663 ], [ 276201.191560038423631, 870592.383548253332265 ], [ 272269.921546253666747, 868087.695565059315413 ], [ 274345.099761690711603, 866647.757745504495688 ], [ 277889.905577268393245, 868529.96398094354663 ] ], [ [ 268799.371266762376763, 867954.9128425817471 ], [ 268590.342423931637313, 868005.216885230969638 ], [ 268544.959654840524308, 867998.971268169465475 ], [ 268668.890070445137098, 867936.30847068305593 ], [ 268799.371266762376763, 867954.9128425817471 ] ], [ [ 243522.898716487485217, 959550.117167730582878 ], [ 243263.411838209809503, 959290.974206731771119 ], [ 243534.044919986539753, 958938.388917720527388 ], [ 243645.520881073869532, 959023.291800679522566 ], [ 243522.898716487485217, 959550.117167730582878 ] ], [ [ 157076.343819077126682, 832312.157280656159855 ], [ 157272.645221243554261, 832871.038919765269384 ], [ 156635.181163204630138, 832728.18076903745532 ], [ 157031.217175127356313, 832358.649592054309323 ], [ 157076.343819077126682, 832312.157280656159855 ] ], [ [ 154971.340646281314548, 833226.880145011236891 ], [ 154276.468131136352895, 834207.762732992065139 ], [ 154121.853696294041583, 834117.77905332564842 ], [ 154554.493137767654844, 833211.406385511159897 ], [ 154971.340646281314548, 833226.880145011236891 ] ], [ [ 123232.559159126874874, 856732.720065906993113 ], [ 124381.275105814740527, 856927.319723444990814 ], [ 123582.150441040226724, 858154.835030837100931 ], [ 123293.643304229000933, 856893.411198153859004 ], [ 123232.559159126874874, 856732.720065906993113 ] ], [ [ 139218.089157109963708, 818265.638204416492954 ], [ 139309.504348484537331, 818296.390226744813845 ], [ 139327.082244846707908, 818337.011187620926648 ], [ 139218.089157109963708, 818265.638204416492954 ] ], [ [ 126881.104415288835298, 840093.142510405625217 ], [ 126904.626100292807678, 840412.501853640074842 ], [ 127097.86699579434935, 841115.442882534582168 ], [ 126596.511677413407597, 840948.740849775844254 ], [ 126881.104415288835298, 840093.142510405625217 ] ] ], [ [ [ 465308.594143670401536, 1169848.900841648923233 ], [ 467269.118015702872071, 1173382.460621351841837 ], [ 471223.266128966177348, 1172337.482105871429667 ], [ 466342.138197300257161, 1167540.070299453334883 ], [ 465308.594143670401536, 1169848.900841648923233 ] ] ], [ [ [ 412807.066102796175983, 1161111.722653171280399 ], [ 415626.083770115976222, 1163517.992331542307511 ], [ 419023.131943579530343, 1162921.38704831735231 ], [ 420543.52114448469365, 1159018.264212572714314 ], [ 423764.976529096835293, 1158647.700695355888456 ], [ 427225.696735219447874, 1160571.190946391550824 ], [ 428951.485849240096286, 1163030.740893824724481 ], [ 428097.466627214977052, 1166099.840009393868968 ], [ 431001.801718425005674, 1168547.857018375070766 ], [ 425872.160351114172954, 1176386.760438540717587 ], [ 419486.941832832875662, 1175891.144952683709562 ], [ 420590.738854946626816, 1181300.597048646537587 ], [ 422659.83258836978348, 1181614.106386179104447 ], [ 425175.107795305433683, 1186812.549690514337271 ], [ 427878.355374535196461, 1186035.594986291136593 ], [ 430526.084368313546292, 1194055.463157341117039 ], [ 434664.455205567064695, 1192935.961597590707242 ], [ 438117.044722369639203, 1197946.15575139503926 ], [ 439210.107685524330009, 1196113.461973090656102 ], [ 443971.918825376604218, 1196056.989386289846152 ], [ 446554.514935288287234, 1199319.984787805238739 ], [ 447909.737517357512843, 1207324.590387200471014 ], [ 455362.663112591020763, 1205736.326853282982484 ], [ 456025.075506317662075, 1212801.848802196560428 ], [ 459957.203824252064805, 1220475.207813116256148 ], [ 461313.676593270793092, 1220390.299895434174687 ], [ 467674.976456362404861, 1218202.964258458930999 ], [ 468525.164300077944063, 1215156.10616689780727 ], [ 467237.029316063970327, 1214317.317497212439775 ], [ 467353.209570841456298, 1210878.071149980183691 ], [ 465935.031571126892231, 1210440.465375146595761 ], [ 467348.619505858514458, 1207395.396266108844429 ], [ 463649.142993034038227, 1203134.867925678845495 ], [ 464735.356404055433813, 1197565.856976184761152 ], [ 461302.179182047955692, 1196264.372929159551859 ], [ 458564.410343375289813, 1198509.805017645005137 ], [ 456223.869758091168478, 1196629.301453539635986 ], [ 458425.370704996515997, 1197258.475141218630597 ], [ 461428.19455409940565, 1195741.189045135630295 ], [ 464546.564515177917201, 1195300.446990387514234 ], [ 465495.788460477138869, 1193429.420152207836509 ], [ 467640.342492463300005, 1194070.155717360321432 ], [ 468363.156285384320654, 1190142.836160876322538 ], [ 466295.262293407169636, 1186908.51759193954058 ], [ 463652.348633780202363, 1188447.395789387170225 ], [ 461121.832625037292019, 1185998.051689092768356 ], [ 457242.52061352803139, 1191395.674262093380094 ], [ 455854.205541391507722, 1190484.184235754422843 ], [ 454452.994440982874949, 1179345.068592020776123 ], [ 450614.674047057807911, 1178058.120125049492344 ], [ 447977.449627250724006, 1172846.736329851904884 ], [ 453344.829494679695927, 1176019.350354415830225 ], [ 453440.963550270476844, 1172942.535168228903785 ], [ 450499.825645405973773, 1168728.127130394801497 ], [ 452017.539420905406587, 1166367.922240017680451 ], [ 460769.745414722186979, 1168798.77691965829581 ], [ 462190.227467538672499, 1166377.913560500834137 ], [ 461361.294404027750716, 1163697.183221141109243 ], [ 464177.538396065414418, 1162048.203275025589392 ], [ 460388.950613526569214, 1159577.704349448904395 ], [ 459360.208071607572492, 1160910.348576040007174 ], [ 460894.625397527590394, 1163317.817017260473222 ], [ 459283.881103466032073, 1163614.920762735651806 ], [ 455178.0395261941012, 1159665.994658623822033 ], [ 452530.739029044401832, 1160837.685374276479706 ], [ 452170.475381609459873, 1162697.286344168009236 ], [ 449349.579723786679097, 1161834.940102777676657 ], [ 451909.600806097092573, 1160315.588884971104562 ], [ 451834.409065565851051, 1157381.160498469369486 ], [ 448836.320980867778417, 1156179.554472811054438 ], [ 450949.576228870253544, 1154841.471412667538971 ], [ 451571.233898760459851, 1151748.763756012078375 ], [ 450309.852667881990783, 1150895.348596730269492 ], [ 448805.576880370092113, 1152121.612199123715982 ], [ 447080.972777862974908, 1147968.870000331662595 ], [ 449023.328607150120661, 1145512.040767947677523 ], [ 452446.78829748503631, 1146583.444838303839788 ], [ 452492.818709603161551, 1144469.430323567707092 ], [ 456084.970301837078296, 1141775.88404396106489 ], [ 456463.665939008700661, 1139729.125618337653577 ], [ 455071.248598352191038, 1137961.751826583407819 ], [ 453046.844434911967255, 1138974.381912100128829 ], [ 452013.562383788928855, 1134775.040495589375496 ], [ 447879.610168078681454, 1138018.72298023221083 ], [ 444855.258773727633525, 1135043.283478394383565 ], [ 447278.444642613234464, 1127908.677239734679461 ], [ 444167.335628276749048, 1126526.50228867912665 ], [ 448113.270148590439931, 1123725.947638488840312 ], [ 444980.457841552211903, 1120223.685391206527129 ], [ 442610.854530370037537, 1121011.973349089035764 ], [ 441247.279565353062935, 1106838.353711953153834 ], [ 437686.049957291455939, 1106407.107879738556221 ], [ 436511.924500589084346, 1110071.668629657709971 ], [ 433541.187577414675616, 1111860.697193927131593 ], [ 436206.089490609767381, 1125217.228328552795574 ], [ 434268.213933342311066, 1125903.416530254296958 ], [ 433791.530838352802675, 1129772.354441927280277 ], [ 435841.177141043765005, 1134503.662858668714762 ], [ 433878.391060967929661, 1135633.087772739119828 ], [ 433288.630758569925092, 1142039.299010831629857 ], [ 429530.40908472717274, 1139395.248697898117825 ], [ 416504.104632587288506, 1149388.583592452574521 ], [ 415501.261913416092284, 1156105.385764866834506 ], [ 416586.670628820429556, 1158075.884601195342839 ], [ 412807.066102796175983, 1161111.722653171280399 ] ], [ [ 462220.458789895870723, 1198214.668237214908004 ], [ 462245.588923701958265, 1198188.663320270134136 ], [ 462239.210929835971911, 1198246.878810941707343 ], [ 462220.458789895870723, 1198214.668237214908004 ] ], [ [ 456830.949976423638873, 1195628.414994787424803 ], [ 456619.410057847446296, 1194708.703754790127277 ], [ 456002.854287877096795, 1194153.014489714754745 ], [ 457262.241659648541827, 1194463.960908808046952 ], [ 456830.949976423638873, 1195628.414994787424803 ] ], [ [ 446978.491400599654298, 1170853.774737207684666 ], [ 446959.422817867889535, 1170850.703046654816717 ], [ 446956.770845600985922, 1170830.303147543920204 ], [ 446978.491400599654298, 1170853.774737207684666 ] ], [ [ 437798.723072555556428, 1140779.942199870245531 ], [ 437285.649603550380562, 1141166.06677664257586 ], [ 437029.165190455620177, 1141121.908084857743233 ], [ 437128.841134224785492, 1140816.844977192813531 ], [ 437798.723072555556428, 1140779.942199870245531 ] ], [ [ 436506.883402359788306, 1143698.795330736087635 ], [ 436218.059572684927844, 1144889.602741221664473 ], [ 435465.145664637209848, 1144231.288996359333396 ], [ 435377.287294339679647, 1142774.398527238285169 ], [ 435616.172520890424494, 1142455.696339857531711 ], [ 436506.883402359788306, 1143698.795330736087635 ] ], [ [ 433740.08528327208478, 1142992.590827718609944 ], [ 433717.006074326345697, 1143042.157342006685212 ], [ 433683.440969072282314, 1142953.88111518858932 ], [ 433740.08528327208478, 1142992.590827718609944 ] ] ], [ [ [ 462797.303239500673953, 1171633.09365262533538 ], [ 464209.688805399637204, 1172051.177021029172465 ], [ 464640.762219493684825, 1170595.770552187925205 ], [ 463100.459391633921769, 1170139.946394407423213 ], [ 462797.303239500673953, 1171633.09365262533538 ] ] ], [ [ [ 448562.587316422141157, 1148026.885549857513979 ], [ 449955.167940422543325, 1148316.902530519291759 ], [ 450334.340725233603735, 1146746.630376086104661 ], [ 448726.682510429527611, 1146505.047185342758894 ], [ 448562.587316422141157, 1148026.885549857513979 ] ] ], [ [ [ 420620.249660882807802, 636162.935776226804592 ], [ 419894.144772467145231, 638195.488213924691081 ], [ 422672.199562387482729, 637552.789634490851313 ], [ 422735.353114271129016, 639418.573176367906854 ], [ 425511.157462721283082, 639921.215563383069821 ], [ 423221.385734979470726, 635042.651157264830545 ], [ 420620.249660882807802, 636162.935776226804592 ] ] ], [ [ [ 418648.287803816841915, 1069874.479440868832171 ], [ 419715.68154712888645, 1074752.205307322787121 ], [ 422888.273421851277817, 1075018.979513455647975 ], [ 423000.466477068315726, 1070235.60995192755945 ], [ 420687.588156935817096, 1068562.04826169135049 ], [ 418648.287803816841915, 1069874.479440868832171 ] ] ], [ [ [ 409083.448634405329358, 1165834.664627741556615 ], [ 410451.075170987984166, 1166931.707178299315274 ], [ 411452.577860579302069, 1165050.70461335266009 ], [ 409139.991233858978376, 1163955.940549212973565 ], [ 409083.448634405329358, 1165834.664627741556615 ] ] ], [ [ [ 392687.247269740619231, 1139248.09868554212153 ], [ 395922.304821171273943, 1142465.014166602864861 ], [ 397912.723768685304094, 1142048.488692384213209 ], [ 398890.325111980724614, 1139508.416962162125856 ], [ 396544.321235514478758, 1135104.295804998837411 ], [ 392687.247269740619231, 1139248.09868554212153 ] ] ], [ [ [ 373947.953574463317636, 1053689.100124580319971 ], [ 374638.649296733026858, 1056294.471641794778407 ], [ 377386.842334867862519, 1057908.398063640575856 ], [ 380098.043280879792292, 1055805.669733714777976 ], [ 379715.222166706458665, 1054232.723593828966841 ], [ 377822.922467323718593, 1054204.653693487867713 ], [ 378655.149440123641398, 1051897.918070398038253 ], [ 376678.586998553422745, 1050388.9981301240623 ], [ 373632.49026473169215, 1051792.07115691062063 ], [ 373947.953574463317636, 1053689.100124580319971 ] ] ], [ [ [ 338512.153102682263125, 1048631.342452482553199 ], [ 338640.79077426076401, 1051002.773309991229326 ], [ 342567.192371802811977, 1050702.461438739905134 ], [ 343944.464764017960988, 1053167.958278784062713 ], [ 347930.316004180058371, 1053476.659118650481105 ], [ 348709.586910121899564, 1056213.78499693586491 ], [ 350582.067055321705993, 1056809.485895178280771 ], [ 351884.504355551209301, 1051081.127154506975785 ], [ 348853.56475599546684, 1047830.42719818931073 ], [ 351105.905641056480817, 1046410.183810300426558 ], [ 350782.843696283234749, 1043955.994943907600828 ], [ 353920.154181010671891, 1039126.391175527940504 ], [ 356914.165642938867677, 1041754.686384574277326 ], [ 360220.209938124462496, 1038455.035889600054361 ], [ 364191.768286456645001, 1042288.897251557908021 ], [ 364310.52317272144137, 1048053.184256598819047 ], [ 366759.799789594195317, 1046539.276033332454972 ], [ 367993.997190806432627, 1049439.766753472620621 ], [ 370887.720836792956106, 1047780.994990043691359 ], [ 370126.693325887899846, 1044232.539138723746873 ], [ 374657.735343899868894, 1048091.328099104575813 ], [ 377134.801452504238114, 1048049.390959350275807 ], [ 379606.288643472944386, 1042694.741372548858635 ], [ 373667.610789105470758, 1042766.9542650351068 ], [ 371534.922367346356623, 1036450.535418213694356 ], [ 368772.391510932007805, 1037717.676257135579363 ], [ 366244.883542097581085, 1036192.863505303510465 ], [ 364473.359010293555912, 1037815.756458545802161 ], [ 361718.26940819050651, 1032830.111316607100889 ], [ 361543.616833125532139, 1031134.162016365211457 ], [ 363180.781319944770075, 1032776.95149034075439 ], [ 367791.362439315358642, 1030556.855360668268986 ], [ 367567.100831106305122, 1027099.583750398131087 ], [ 370365.728203095844947, 1026459.470335966092534 ], [ 370035.17925354000181, 1020412.225626522791572 ], [ 367868.926187194243539, 1018788.078655962017365 ], [ 364947.342579332937021, 1019764.891175401979126 ], [ 364150.450155902828556, 1021007.833599239005707 ], [ 364469.570782362658065, 1022666.548039259389043 ], [ 363985.887406325957272, 1023142.862491969717667 ], [ 363407.946024034696165, 1020182.193845612346195 ], [ 359895.576507584308274, 1020697.766011597705074 ], [ 361564.456253694545012, 1026037.30633565178141 ], [ 359145.745600388967432, 1031681.282640521530993 ], [ 359259.356009730778169, 1037328.903687137295492 ], [ 357725.887044090952259, 1033706.24590845068451 ], [ 358540.713533211732283, 1028205.071521616424434 ], [ 354451.662615981244016, 1027008.567616848857142 ], [ 351797.758846427605022, 1034188.576933411532082 ], [ 350101.640151256986428, 1034899.689857596764341 ], [ 351376.720510081679095, 1038950.815277680521831 ], [ 347622.902229509374592, 1037281.281483331229538 ], [ 348776.670661010197364, 1040123.836247208411805 ], [ 347210.294159435725305, 1042798.443408355815336 ], [ 343747.15351838991046, 1039148.745372097706422 ], [ 340715.876162029919215, 1043609.075524676591158 ], [ 340939.306250371562783, 1046465.067943624104373 ], [ 338512.153102682263125, 1048631.342452482553199 ] ], [ [ 353965.436651498253923, 1038524.526350429514423 ], [ 353936.173885886906646, 1038317.871418101480231 ], [ 354165.637629298609681, 1037777.10458963655401 ], [ 354223.857505383493844, 1037939.457397785154171 ], [ 353965.436651498253923, 1038524.526350429514423 ] ], [ [ 354383.73458314104937, 1035774.25822752690874 ], [ 354065.514707735506818, 1034786.556456981110387 ], [ 354316.21682948077796, 1034427.436231719213538 ], [ 354695.486433850543108, 1035141.973793088109232 ], [ 354383.73458314104937, 1035774.25822752690874 ] ], [ [ 366555.986099546600599, 1027086.176931935013272 ], [ 366524.825451771263033, 1026773.911011681891978 ], [ 367368.004827265453059, 1027041.610533516039141 ], [ 366609.178918290999718, 1027116.872888071578927 ], [ 366555.986099546600599, 1027086.176931935013272 ] ], [ [ 362878.704185944458004, 1026283.786602367996238 ], [ 363024.040785212360788, 1026264.482509595807642 ], [ 363405.810010409448296, 1026181.689183649839833 ], [ 363016.063493673456833, 1026459.366857908316888 ], [ 362878.704185944458004, 1026283.786602367996238 ] ], [ [ 347371.580346541362815, 1048163.137120648287237 ], [ 347713.261833472701255, 1048218.565195982693695 ], [ 347250.495455109223258, 1050705.49046105495654 ], [ 346505.759201036358718, 1048635.164213692536578 ], [ 347371.580346541362815, 1048163.137120648287237 ] ] ], [ [ [ 366345.887878740613814, 1017662.187142915674485 ], [ 368933.195192085811868, 1016815.148264995310456 ], [ 367568.667640651401598, 1014385.120594863430597 ], [ 366294.169557771005202, 1014992.391956612933427 ], [ 366345.887878740613814, 1017662.187142915674485 ] ] ], [ [ [ 364457.207490822882392, 701056.408111244672909 ], [ 366802.722495267284103, 699946.397490150528029 ], [ 366954.340794201067183, 698063.988162111258134 ], [ 364706.91801021277206, 698463.422786336275749 ], [ 364457.207490822882392, 701056.408111244672909 ] ] ], [ [ [ 316536.997419248276856, 1000545.856913141906261 ], [ 318635.792423399805557, 1005523.256610587704927 ], [ 323487.511095416964963, 1007014.38712237845175 ], [ 321043.090403578360565, 1009042.981884142383933 ], [ 320492.808114898973145, 1013141.276441889931448 ], [ 322554.624663620139472, 1029229.541164849535562 ], [ 330249.622334134357516, 1031316.60549585300032 ], [ 334595.251424909452908, 1029514.521104034502059 ], [ 335181.323036601243075, 1032980.586178370751441 ], [ 338806.17393421131419, 1036352.272573597612791 ], [ 341474.266766162589192, 1033794.43620623764582 ], [ 344856.053875035839155, 1034874.506580355693586 ], [ 348647.743184190418106, 1033340.131737605901435 ], [ 348446.054815141600557, 1026179.369640751276165 ], [ 344972.981502784125041, 1024258.8204126637429 ], [ 341204.136738111672457, 1025012.64728217839729 ], [ 341212.574442426499445, 1023628.090871029067785 ], [ 345928.238549629691988, 1024184.27533307520207 ], [ 346543.346423193695955, 1020856.802490085014142 ], [ 348718.376344983291347, 1022955.312877517775632 ], [ 349762.016718917759135, 1020570.484294566442259 ], [ 354890.350817677914165, 1023323.083878021105193 ], [ 354719.092003557889257, 1015451.478811085224152 ], [ 352435.133715670730453, 1013717.130691806669347 ], [ 349762.451815188396722, 1015372.000146056059748 ], [ 349407.472421115264297, 1013306.804130568634719 ], [ 350088.901107837329619, 1011984.52202145580668 ], [ 354551.603835644491483, 1012938.410225490690209 ], [ 355594.978017688205, 1009005.41711884085089 ], [ 360019.901230331975967, 1010509.75969720131252 ], [ 359839.282496694475412, 1003124.730124174733646 ], [ 362865.917587036965415, 1001821.799545827670954 ], [ 360706.893023022566922, 999627.524342806776986 ], [ 358440.269231779850088, 1002667.51162691321224 ], [ 355505.50771116069518, 1002168.151989649632014 ], [ 352231.013476535852533, 997574.262246614322066 ], [ 349963.51745676266728, 999939.629315169644542 ], [ 349898.86680898925988, 997622.566312541835941 ], [ 351717.073901803407352, 996459.27204539696686 ], [ 347908.806184761109762, 989856.358274120488204 ], [ 348123.648160491778981, 983312.164836985641159 ], [ 344449.137242938857526, 981813.332504554768093 ], [ 342534.354393417597748, 982342.746218069689348 ], [ 342273.889778297278099, 988230.292325021000579 ], [ 339226.245730243856087, 992838.101015602704138 ], [ 340893.838108934811316, 995233.794573236373253 ], [ 342746.353748275665566, 995248.158389295102097 ], [ 342777.557634983561002, 997827.72373082593549 ], [ 345965.795980627066456, 998451.687780548352748 ], [ 343076.528677071910352, 1006463.6375512649538 ], [ 331663.553347350505646, 1001978.903595595853403 ], [ 328269.940273648418952, 1005552.690448876121081 ], [ 326876.434420335106552, 1003366.80572567821946 ], [ 331239.964633212599438, 999457.05091934162192 ], [ 331532.641566939419135, 1001398.138206454692408 ], [ 333135.413434653077275, 1001232.612934889504686 ], [ 334545.848525958892424, 996286.77195585181471 ], [ 339568.112183436925989, 997195.346117341774516 ], [ 337414.092988177726511, 989925.925476996926591 ], [ 332058.534965878585353, 987354.529230642016046 ], [ 324333.042929703660775, 987774.319450194016099 ], [ 319575.301126858743373, 997868.519684197730385 ], [ 316615.427388668409549, 998445.670538324047811 ], [ 316536.997419248276856, 1000545.856913141906261 ] ], [ [ 326604.456859095604159, 1007321.607289862236939 ], [ 327697.544270330807194, 1006750.940729221329093 ], [ 328107.401497272658162, 1008246.450533604598604 ], [ 327182.447663336060941, 1008071.185219711624086 ], [ 326604.456859095604159, 1007321.607289862236939 ] ], [ [ 327998.709381039312575, 1006198.04915950994473 ], [ 328157.54505472216988, 1005905.323044923599809 ], [ 328187.99519192520529, 1005841.899822559556924 ], [ 328119.273437750467565, 1006084.440010028425604 ], [ 327998.709381039312575, 1006198.04915950994473 ] ], [ [ 353581.953314516693354, 1008157.004935089615174 ], [ 353477.716327599599026, 1008144.582133368356153 ], [ 353414.094353980675805, 1008063.126052890904248 ], [ 353581.953314516693354, 1008157.004935089615174 ] ], [ [ 348801.176187697448768, 1010357.123594327131286 ], [ 348598.231322496663779, 1010288.036439863499254 ], [ 348627.266636114800349, 1010168.618378445389681 ], [ 348801.176187697448768, 1010357.123594327131286 ] ], [ [ 345999.525378499529324, 1015422.339589862269349 ], [ 345072.259433070314117, 1020221.955897399340756 ], [ 343736.122007679718081, 1020036.493849413353018 ], [ 342887.08786558144493, 1016513.787110019708052 ], [ 340640.259166783536784, 1016552.59927183308173 ], [ 340089.228445388958789, 1015078.712945715757087 ], [ 344846.171598197659478, 1013424.378622444346547 ], [ 345999.525378499529324, 1015422.339589862269349 ] ], [ [ 341149.953908753406722, 1026142.026071385247633 ], [ 340766.95997066545533, 1026016.735354446456768 ], [ 341008.641691662545782, 1025493.720349165960215 ], [ 341027.179342112038285, 1025848.759857458178885 ], [ 341149.953908753406722, 1026142.026071385247633 ] ], [ [ 337545.294333941943478, 1027777.150793784763664 ], [ 337255.620823933160864, 1028225.250297839287668 ], [ 336992.961012562736869, 1027773.706071235239506 ], [ 337333.013490847428329, 1027621.354109716950916 ], [ 337545.294333941943478, 1027777.150793784763664 ] ] ], [ [ [ 351496.906867719430011, 1026693.023128313245252 ], [ 351883.137253766471986, 1028404.970114087918773 ], [ 353705.957097915699705, 1028151.763434330467135 ], [ 353281.129580240522046, 1025346.722454857081175 ], [ 351496.906867719430011, 1026693.023128313245252 ] ] ], [ [ [ 346110.259743780770805, 976987.846803872613236 ], [ 344942.164483807806391, 978706.558791280724108 ], [ 347266.676568250521086, 979493.349463386111893 ], [ 348302.780254287470598, 976340.285431854892522 ], [ 346754.684266693075188, 975555.553341569728218 ], [ 346110.259743780770805, 976987.846803872613236 ] ] ], [ [ [ 337957.376176717865746, 985531.18957353301812 ], [ 340321.955391489027534, 985470.914291031076573 ], [ 338285.86932657106081, 982522.898126612068154 ], [ 336896.218414643255528, 983415.472565282136202 ], [ 337957.376176717865746, 985531.18957353301812 ] ] ], [ [ [ 333213.284722874639556, 975366.50828714040108 ], [ 333968.226806469552685, 979592.420787979848683 ], [ 336113.315084406815004, 980122.48461600788869 ], [ 336858.294675257871859, 975962.403097362141125 ], [ 333213.284722874639556, 975366.50828714040108 ] ] ], [ [ [ 328595.755716225889046, 684029.661015980294906 ], [ 330118.436698324570898, 683740.015854399767704 ], [ 330374.192353532649577, 680888.433154514641501 ], [ 328003.974688309710473, 682521.046374695375562 ], [ 328595.755716225889046, 684029.661015980294906 ] ] ], [ [ [ 262238.70694926858414, 1025686.846713521401398 ], [ 263327.511813917721156, 1024349.023963374900632 ], [ 262028.11914515827084, 1023180.363835795666091 ], [ 260816.257836934673833, 1024342.556526554515585 ], [ 262238.70694926858414, 1025686.846713521401398 ] ] ], [ [ [ 227288.637990545103094, 630521.184615822625346 ], [ 228640.813016071653692, 629503.257899845950305 ], [ 227704.11313738944591, 628061.232113589998335 ], [ 226316.679898557253182, 629011.178841344662942 ], [ 227288.637990545103094, 630521.184615822625346 ] ] ], [ [ [ 226237.36797272975673, 395769.448644299001899 ], [ 228143.112557006330462, 395449.995160315651447 ], [ 227171.118722512357635, 393642.418290177010931 ], [ 225585.985565599316033, 394190.360885559464805 ], [ 226237.36797272975673, 395769.448644299001899 ] ] ], [ [ [ 212005.822512247134, 146770.716127305437112 ], [ 212387.432437714363914, 148959.776357251044828 ], [ 214279.752396396797849, 148714.367938465758925 ], [ 215467.43228097964311, 143036.627447904058499 ], [ 212604.297318484750576, 142615.643589856132166 ], [ 212005.822512247134, 146770.716127305437112 ] ] ], [ [ [ 209940.342179102124646, 320562.316729107929859 ], [ 211109.879174542438705, 323492.602221276087221 ], [ 213358.684076273726532, 322925.68728834646754 ], [ 211552.188271475461079, 319228.135251108033117 ], [ 209940.342179102124646, 320562.316729107929859 ] ] ], [ [ [ 185838.838399375847075, 643424.990492384298705 ], [ 187702.485398006858304, 648508.245047093601897 ], [ 193759.175119549385272, 653285.661894637160003 ], [ 196255.227374011417851, 653091.36213617993053 ], [ 202171.823851022432791, 647927.462208863697015 ], [ 204129.831655279209372, 639576.003899745293893 ], [ 202495.420883149345173, 636945.805585925583728 ], [ 205124.321510861715069, 635712.985536540625617 ], [ 207925.453400266414974, 629076.346125355456024 ], [ 205771.789067467732821, 626547.609543621074408 ], [ 206059.725770932534942, 621755.019475944223814 ], [ 203363.008788596082013, 618024.936014064471237 ], [ 201643.14730212293216, 619827.415804587188177 ], [ 193734.269331084826263, 619803.748857910744846 ], [ 189703.32848541851854, 623381.777931267512031 ], [ 187145.271385693282355, 628505.263037501019426 ], [ 188145.738570067420369, 634337.279949650284834 ], [ 185246.065429257083451, 640274.761604066356085 ], [ 185838.838399375847075, 643424.990492384298705 ] ], [ [ 204200.486105073330691, 630403.592008922249079 ], [ 204162.947314989840379, 630754.626231893198565 ], [ 203944.541583455866203, 630632.143816280295141 ], [ 204200.486105073330691, 630403.592008922249079 ] ] ], [ [ [ 201334.246067002735799, 601257.621753194951452 ], [ 203578.860394833929604, 600080.875337190576829 ], [ 202425.580749190936331, 598203.409448698628694 ], [ 200571.239490968029713, 599125.536772719002329 ], [ 201334.246067002735799, 601257.621753194951452 ] ] ], [ [ [ 200069.084338328946615, 902088.617477236082777 ], [ 201659.797177698696032, 902886.010468913707882 ], [ 202336.315524687524885, 901192.801925410749391 ], [ 200572.677868570230203, 900754.941937198047526 ], [ 200069.084338328946615, 902088.617477236082777 ] ] ], [ [ [ 190838.684783781791339, 901569.336820910568349 ], [ 192503.827791334624635, 906335.36108980642166 ], [ 194208.309969060617732, 902305.903060307609849 ], [ 196790.198321182280779, 904892.101667909533717 ], [ 198774.478754407085944, 904125.537115958984941 ], [ 196644.560897230927367, 901272.643498219083995 ], [ 190838.684783781791339, 901569.336820910568349 ] ] ], [ [ [ 186727.329641565855127, 78882.363076536654262 ], [ 187695.653763035370503, 80087.746476258689654 ], [ 188992.770105040282942, 78908.13233634653443 ], [ 187996.464216118241893, 77900.406713262782432 ], [ 186727.329641565855127, 78882.363076536654262 ] ] ], [ [ [ 179410.453780211537378, 1032621.065470262663439 ], [ 181520.287590463995002, 1034775.575006102910265 ], [ 182835.797702102572657, 1031800.754030011128634 ], [ 179985.414764685323462, 1030795.889974869322032 ], [ 179410.453780211537378, 1032621.065470262663439 ] ] ], [ [ [ 172451.092198048892897, 205825.748407862207387 ], [ 174067.784012964693829, 206592.320145418139873 ], [ 175589.819493284798227, 205268.137590995931532 ], [ 172627.0152644875634, 203536.686873223079601 ], [ 172451.092198048892897, 205825.748407862207387 ] ] ], [ [ [ 171884.084693828073796, 602910.548603929113597 ], [ 171171.287020723102614, 605452.558810032904148 ], [ 173122.024130813748343, 606835.225280860555358 ], [ 175102.874939751753118, 605710.275922638247721 ], [ 174074.367430719983531, 603279.893710827222094 ], [ 171884.084693828073796, 602910.548603929113597 ] ] ], [ [ [ 167236.41605452838121, 229177.130820401711389 ], [ 168269.427533022040734, 227854.298483347403817 ], [ 166533.639365432580234, 226954.024294533592183 ], [ 165903.305595510901185, 228201.077397757908329 ], [ 167236.41605452838121, 229177.130820401711389 ] ] ], [ [ [ 161665.554650565958582, 648199.968545352108777 ], [ 164369.032928728323895, 654808.825010539032519 ], [ 167085.136454345163656, 656609.083174439845607 ], [ 167383.166679628251586, 649623.549456489970908 ], [ 164139.476092951517785, 642268.492024136707187 ], [ 162545.050985519075766, 642996.640637816628441 ], [ 161665.554650565958582, 648199.968545352108777 ] ] ], [ [ [ 165699.702602515171748, 224660.615776870341506 ], [ 165707.279427731409669, 226122.327460623375373 ], [ 167587.427502302569337, 226277.526516723533859 ], [ 166805.767563212080859, 222756.466055175871588 ], [ 165097.460916993790306, 223236.063352066790685 ], [ 165699.702602515171748, 224660.615776870341506 ] ] ], [ [ [ 161811.824319818522781, 1031809.189226833870634 ], [ 163365.953349004790653, 1030803.939401652198285 ], [ 161822.60677551056142, 1029293.503397645079531 ], [ 160820.159101490076864, 1030275.662464663153514 ], [ 161811.824319818522781, 1031809.189226833870634 ] ] ], [ [ [ 159347.165739177406067, 210349.987705551291583 ], [ 160946.582802549819462, 209587.982932406448526 ], [ 159999.930868858180474, 208121.796516435890226 ], [ 158647.430604281718843, 209068.462063336686697 ], [ 159347.165739177406067, 210349.987705551291583 ] ] ], [ [ [ 94002.540357293721172, 915188.772548160748556 ], [ 95724.134364118566737, 918186.956278776517138 ], [ 100424.937704457712243, 916684.258632603799924 ], [ 100641.383533378539141, 918212.828182073542848 ], [ 96372.087734144515707, 920737.985313328797929 ], [ 96667.19677522755228, 926464.03659012040589 ], [ 99415.986936479152064, 930752.377098763361573 ], [ 98463.202888514540973, 932852.698261000099592 ], [ 101582.616165732324589, 934652.917213962762617 ], [ 104163.365308479740634, 940013.63935703097377 ], [ 107838.435773904493544, 938535.986177994636819 ], [ 110263.772057830021367, 940022.36876504693646 ], [ 110869.222159416953218, 944249.772365526179783 ], [ 113268.483047642817837, 943079.857876521651633 ], [ 114171.974520957490313, 945174.996938368305564 ], [ 116926.765403613680974, 939880.659344253013842 ], [ 115699.576346789486706, 943284.989587393123657 ], [ 118079.545947905411595, 945945.894327230402268 ], [ 126655.826791775834863, 950670.62164342624601 ], [ 133220.392698831914458, 951983.308982889167964 ], [ 135348.928401558485348, 955065.864080192171969 ], [ 149768.232645127049182, 964632.886144783697091 ], [ 150933.834853535110597, 967363.471210034796968 ], [ 154877.653526498033898, 965346.725445829099044 ], [ 157845.737037804094143, 956660.555630586575717 ], [ 154821.863651152292732, 949945.480931581230834 ], [ 157492.906058274500538, 946632.537387407501228 ], [ 152829.137559877301101, 943274.397188556264155 ], [ 149700.184870320983464, 938394.129704974358901 ], [ 147502.172154138446786, 937925.83490233682096 ], [ 146825.638260756299132, 934951.908890097402036 ], [ 149087.938963089894969, 934052.440318316454068 ], [ 155266.040807536395732, 938877.29718708130531 ], [ 157469.161559434665833, 938889.786397073068656 ], [ 158518.471146458177827, 937415.743401182466187 ], [ 156613.019704566715518, 932073.677838474046439 ], [ 151044.385462225822266, 928125.423132132505998 ], [ 147390.710562246968038, 930983.207604945404455 ], [ 146414.721616972296033, 929514.678804087801836 ], [ 143661.885226866899757, 929611.212527991621755 ], [ 143767.534803300251951, 912721.03556545113679 ], [ 141610.963593796623172, 908973.810241334722377 ], [ 138052.94042624681606, 908468.541586052277125 ], [ 136242.714440523530357, 902412.42610084079206 ], [ 131589.87124931011931, 899974.879615759826265 ], [ 126396.741278729139594, 899133.527793132467195 ], [ 123758.473449430151959, 900647.177632319973782 ], [ 125513.32649035245413, 893989.972460593562573 ], [ 122923.943963377198088, 893034.951784723438323 ], [ 120124.787488607500563, 894102.624176896526478 ], [ 119116.411423184821615, 890613.538759593619034 ], [ 112534.886780840577558, 888600.737055729026906 ], [ 105027.320574573037447, 880865.109943030402064 ], [ 100545.900907973278663, 884770.967190417344682 ], [ 100377.975277151970658, 880706.873371635796502 ], [ 103351.054247696374659, 879887.778758441330865 ], [ 101441.611724803035031, 876787.78269896726124 ], [ 98060.65594543912448, 878336.931077520595863 ], [ 98357.527372832060792, 879877.013296039076522 ], [ 95336.377135876595275, 884529.647407776792534 ], [ 97761.839931703492766, 888844.471901553217322 ], [ 94489.4627526444674, 895021.904306241660379 ], [ 97342.33755268609093, 895987.501329516642727 ], [ 99460.027747589629143, 893944.113399428664707 ], [ 102286.027228916762397, 895926.096688724122941 ], [ 102938.724602355418028, 897851.71585473685991 ], [ 101504.677189180190908, 898892.310900373151526 ], [ 98698.771061645835289, 897638.958630254724994 ], [ 97522.098025182291167, 900066.060757664730772 ], [ 101722.187461066321703, 904156.087196420878172 ], [ 104797.804831599249155, 904160.402442348538898 ], [ 105579.152579079527641, 900697.768144949572161 ], [ 109919.280916072850232, 903449.281100538559258 ], [ 108007.933487723290455, 904539.951522289658897 ], [ 105968.867314243732835, 903589.876161363674328 ], [ 99088.985358332327451, 908041.648084411397576 ], [ 94002.540357293721172, 915188.772548160748556 ] ], [ [ 111562.375054477626691, 938517.20415119046811 ], [ 111980.444985561378417, 938417.082011350314133 ], [ 111945.977243291577906, 940274.524107549805194 ], [ 110661.166387293313164, 939837.007129510631785 ], [ 111562.375054477626691, 938517.20415119046811 ] ], [ [ 117023.355747366542346, 939097.489383995882235 ], [ 117017.851215021917596, 939027.635407162248157 ], [ 117053.488250962458551, 939037.900030090357177 ], [ 117023.355747366542346, 939097.489383995882235 ] ], [ [ 104184.483056072815089, 898596.533167731016874 ], [ 104680.70745786333282, 898624.657927260384895 ], [ 105173.683118899833062, 898369.555964863975532 ], [ 104866.8589264711336, 899151.488558611716144 ], [ 104184.483056072815089, 898596.533167731016874 ] ], [ [ 118540.842934423431871, 895700.660444439272396 ], [ 118540.201768925209763, 895689.938242623582482 ], [ 118562.883476843737299, 895698.279914209851995 ], [ 118551.424049256325816, 895698.966581563116051 ], [ 118540.842934423431871, 895700.660444439272396 ] ] ], [ [ [ 142781.967681585374521, 786038.44802329747472 ], [ 145974.401505440793699, 791383.724639058229513 ], [ 148374.675442404841306, 792474.787064259056933 ], [ 150382.429163887922186, 790917.088067876757123 ], [ 149252.007750939956168, 781885.86546503927093 ], [ 144005.708385512349196, 783348.343397636432201 ], [ 142781.967681585374521, 786038.44802329747472 ] ] ], [ [ [ 138525.668380989518482, 899276.768744527711533 ], [ 143518.853497054427862, 900164.154495167313144 ], [ 144824.912250026623951, 897826.731748242629692 ], [ 141851.518136079510441, 895179.08048360189423 ], [ 140673.585898415622069, 897385.02981992950663 ], [ 138140.739732459391234, 897734.379151218570769 ], [ 138525.668380989518482, 899276.768744527711533 ] ] ], [ [ [ 134697.822351886861725, 685583.262071694247425 ], [ 131765.4523055429745, 686318.005352265085094 ], [ 133822.56039276527008, 694357.932492768391967 ], [ 137512.009727997123264, 699158.112925368710421 ], [ 142933.632046130078379, 702059.423955532140099 ], [ 144205.803294267272577, 699572.116999950376339 ], [ 140498.63739451544825, 690941.913978576660156 ], [ 137307.604771913873265, 685684.885070933611132 ], [ 134697.822351886861725, 685583.262071694247425 ] ] ], [ [ [ 137888.440841538889799, 781540.189875993877649 ], [ 139370.185379727161489, 782737.070234169834293 ], [ 143091.146861921995878, 781509.320064420579001 ], [ 143626.866764029749902, 778097.535414309008047 ], [ 139068.458732950821286, 777875.57660725293681 ], [ 137888.440841538889799, 781540.189875993877649 ] ] ], [ [ [ 128555.965615790526499, 798896.517511545913294 ], [ 132733.812600422737887, 804014.825344651937485 ], [ 137624.629675621778006, 805998.368209670064971 ], [ 142439.368693808704847, 802705.825838894816115 ], [ 143772.623993837012677, 798306.212527984404005 ], [ 141931.185193477984285, 793008.253523173741996 ], [ 137453.996925127547001, 789874.532025116495788 ], [ 128555.965615790526499, 798896.517511545913294 ] ] ], [ [ [ 137732.59506242594216, 733418.919134345836937 ], [ 139110.094241825659992, 732842.348320767399855 ], [ 138503.957805302314227, 731352.205764091107994 ], [ 137046.517235241335584, 732092.158611714374274 ], [ 137732.59506242594216, 733418.919134345836937 ] ] ], [ [ [ 135763.360726458311547, 879699.915556729421951 ], [ 134647.792118267854676, 881683.33077985025011 ], [ 135614.481291806092486, 882706.95473379699979 ], [ 137874.496443805692252, 879132.205702858744189 ], [ 136462.031809612788493, 878476.370705676730722 ], [ 135763.360726458311547, 879699.915556729421951 ] ] ], [ [ [ 131293.750244347029366, 734841.644126437953673 ], [ 132128.941198637039633, 736920.842840495170094 ], [ 133680.424126182333566, 736340.51473771838937 ], [ 133174.397348790778778, 734269.838812516536564 ], [ 131293.750244347029366, 734841.644126437953673 ] ] ], [ [ [ 126580.990880372890388, 742075.468657355289906 ], [ 129814.382914299014374, 745748.152669358998537 ], [ 131800.552005903649842, 745649.387526248348877 ], [ 128174.070524031965761, 740143.396160386968404 ], [ 126219.819328049532487, 740181.559756893431768 ], [ 126580.990880372890388, 742075.468657355289906 ] ] ], [ [ [ 127917.115911953951581, 866440.23786193493288 ], [ 131176.248364201252116, 865499.077192953554913 ], [ 130718.95877271766949, 862271.391514740651473 ], [ 128991.004880231717834, 862618.363161822780967 ], [ 127917.115911953951581, 866440.23786193493288 ] ] ], [ [ [ 119660.808243116480298, 804028.943746084114537 ], [ 119551.870482450423879, 805843.895306077902205 ], [ 123905.965542702484527, 807931.88610496732872 ], [ 128565.345075956065557, 807262.313557297922671 ], [ 130277.074616305879317, 804031.489407662069425 ], [ 129201.859809590168879, 802571.186304104048759 ], [ 124303.799398421586375, 803877.343149714870378 ], [ 121358.772900180090801, 802356.563541157986037 ], [ 119660.808243116480298, 804028.943746084114537 ] ] ], [ [ [ 91506.114174409100087, 747396.356923622544855 ], [ 92013.847905520931818, 749160.024466903996654 ], [ 99877.616356585509493, 749074.437018827651627 ], [ 108233.532679827781976, 751646.423195552779362 ], [ 121971.141487933578901, 763916.911667657084763 ], [ 127186.324644336797064, 766734.010918593150564 ], [ 129164.316859613230918, 766146.324369474314153 ], [ 127230.888145732242265, 759865.95213180151768 ], [ 123344.159509618228185, 754349.538716520997696 ], [ 115925.625390766086639, 749748.192292937193997 ], [ 113641.247711493284442, 751584.989694652496837 ], [ 110129.00639654135739, 749939.558151426259428 ], [ 110488.151102505682502, 746578.317912728642114 ], [ 106106.500748487946112, 745207.753558816737495 ], [ 104354.194047539582243, 742248.095003530150279 ], [ 100600.582548462494742, 742540.393785383668728 ], [ 98942.468571312405402, 737836.416558782453649 ], [ 92485.291322971112095, 739340.230024000164121 ], [ 91506.114174409100087, 747396.356923622544855 ] ] ], [ [ [ 125609.927129396150121, 713987.780512716621161 ], [ 127675.35021503304597, 715078.146908691502176 ], [ 128728.282334023853764, 713803.121022877749056 ], [ 126648.365462591478718, 712778.746592440526001 ], [ 125609.927129396150121, 713987.780512716621161 ] ] ], [ [ [ 123120.947812012411305, 738701.013714857050218 ], [ 124501.22774033654423, 740191.835153715102933 ], [ 125747.386289400878013, 739535.668197670951486 ], [ 124134.979520512031741, 736524.339833154692315 ], [ 123120.947812012411305, 738701.013714857050218 ] ] ], [ [ [ 124225.997100736480206, 725116.474472292233258 ], [ 123016.549538952473085, 726469.843208481324837 ], [ 124845.909381374702207, 727309.792822707328014 ], [ 125564.771122196980286, 726077.40936585504096 ], [ 124225.997100736480206, 725116.474472292233258 ] ] ], [ [ [ 114545.033279950715951, 796852.496471925172955 ], [ 116495.692764343242743, 797670.122699880390428 ], [ 116620.51630031800596, 795030.644293733639643 ], [ 114756.143910540748038, 795157.548753179027699 ], [ 114545.033279950715951, 796852.496471925172955 ] ] ], [ [ [ 113206.784904457454104, 702625.292233880842105 ], [ 111828.531607588898623, 701553.151295186951756 ], [ 110676.767045436339686, 703058.605191870476119 ], [ 112400.339083802697132, 703883.976929004420526 ], [ 113206.784904457454104, 702625.292233880842105 ] ] ], [ [ [ 68047.619671294873115, 871575.412940626381896 ], [ 71881.070284187866491, 877469.875804631155916 ], [ 80411.202963127128896, 877872.894460640382022 ], [ 85060.13102557536331, 883383.144423807621934 ], [ 87956.155983517121058, 879651.378489803872071 ], [ 89746.143398015090497, 884219.684968317160383 ], [ 91770.105272751927259, 884895.245832497836091 ], [ 94458.123474426480243, 884019.221828443231061 ], [ 94595.841860596119659, 881709.094199486076832 ], [ 97996.63940385429305, 879681.147301651537418 ], [ 96498.812140023117536, 878237.193824699264951 ], [ 95222.028846386281657, 879238.802259234129451 ], [ 93103.485113475326216, 879555.577364315395243 ], [ 94900.565837911475683, 877570.183465098496526 ], [ 98080.535491551927407, 878001.765779981389642 ], [ 100583.737706631698529, 874865.782193795195781 ], [ 96047.785868714228855, 868166.700013422174379 ], [ 90479.077380828937748, 851466.92567384429276 ], [ 88501.705761985460413, 851197.518882766598836 ], [ 89751.380879338947125, 849704.448176322970539 ], [ 89387.227409808707307, 845310.930941719911061 ], [ 85213.740372437619953, 843348.07065930927638 ], [ 87857.407564620065386, 840672.135593713377602 ], [ 86761.212043253603042, 837079.618187369313091 ], [ 88425.40526221843902, 835188.452921753749251 ], [ 82919.926595915225334, 826412.93595974566415 ], [ 84779.698042256437475, 823061.072836805135012 ], [ 83072.751354175896267, 818583.008065473753959 ], [ 85658.70261392329121, 814803.400914691039361 ], [ 84158.889779435718083, 810727.425791076151654 ], [ 82593.89863731447258, 810527.269560750923119 ], [ 82008.398008042466245, 812137.603518463321961 ], [ 78711.562425479554804, 806033.914279254269786 ], [ 77406.845819735448458, 810509.128998226718977 ], [ 74232.145920672279317, 810755.295096003566869 ], [ 74743.191385072394041, 812737.473588820314035 ], [ 71487.620891706101247, 817060.756530996994115 ], [ 71515.80153336103831, 826611.661412449902855 ], [ 69790.122421575928456, 829845.661057969089597 ], [ 71879.140645405263058, 831392.165404028259218 ], [ 71454.343300043576164, 835405.346679957350716 ], [ 73833.150919565203367, 836792.734604709898122 ], [ 72775.505189744668314, 846175.07239462051075 ], [ 76286.180927114080987, 848499.550029707490467 ], [ 74470.827289617154747, 854369.24714129359927 ], [ 76846.121009379072348, 856685.635313684586436 ], [ 77181.323311272033607, 860214.24646902794484 ], [ 74202.158310516257188, 864256.250307189999148 ], [ 71226.833778386513586, 865389.14990834868513 ], [ 67765.143256034687511, 869872.675727606168948 ], [ 68047.619671294873115, 871575.412940626381896 ] ], [ [ 84827.306303949779249, 879262.859292719280347 ], [ 84624.482802280210308, 878131.316025811829604 ], [ 85755.939298258861527, 877988.182532008504495 ], [ 85786.491826129800756, 879051.032139068469405 ], [ 84827.306303949779249, 879262.859292719280347 ] ], [ [ 77064.542863477952778, 812545.760439208708704 ], [ 76934.322209843114251, 812792.565779624157585 ], [ 76666.248516150662908, 812799.51746369630564 ], [ 76834.802751833325601, 812722.271952049923129 ], [ 77064.542863477952778, 812545.760439208708704 ] ] ], [ [ [ 93224.701322506865836, 894945.664661837159656 ], [ 94445.675211932553793, 894136.202262300997972 ], [ 93583.854755044492777, 892565.978081380017102 ], [ 92050.094240439895657, 893746.023765406687744 ], [ 93224.701322506865836, 894945.664661837159656 ] ] ], [ [ [ 86021.706987136334646, 887432.98783494962845 ], [ 87766.118440874692169, 892605.865813257289119 ], [ 92041.368902569593047, 887566.308098496985622 ], [ 88136.313271611914388, 885094.131013670237735 ], [ 86021.706987136334646, 887432.98783494962845 ] ] ], [ [ [ 87206.935383453484974, 912798.283427565358579 ], [ 88828.055006300477544, 911822.57310058537405 ], [ 87802.712726710204151, 910280.284186465200037 ], [ 86205.222937744154478, 911551.566533830249682 ], [ 87206.935383453484974, 912798.283427565358579 ] ] ], [ [ [ 84933.628200798513717, 725699.13999206922017 ], [ 83327.935374944863725, 725836.968140915501863 ], [ 83509.466247408665367, 727361.734539944212884 ], [ 85075.134885215869872, 727160.551630705245771 ], [ 84933.628200798513717, 725699.13999206922017 ] ] ], [ [ [ 53533.765347518899944, 782719.437225906760432 ], [ 54077.611639881659357, 785017.536536968895234 ], [ 60278.218963995401282, 790989.959202240919694 ], [ 61054.871156548761064, 794080.327396643348038 ], [ 59577.165446203580359, 796536.989132102113217 ], [ 63355.742783703499299, 801629.448695542640053 ], [ 63776.145466852343816, 805550.704604730708525 ], [ 68103.655555689125322, 806668.597674986114725 ], [ 69562.401186935880105, 811613.433441117056645 ], [ 71857.480164246022468, 809681.631539913825691 ], [ 74708.1426890999428, 810135.097354589728639 ], [ 75420.686901919645607, 808295.925172459566966 ], [ 73860.222730290537584, 806589.596877724747173 ], [ 77651.729890602480737, 806212.624306553741917 ], [ 78231.452229862421518, 803866.726584583288059 ], [ 70020.494523229237529, 796431.590999761363491 ], [ 67643.917923319342663, 796080.939601947087795 ], [ 70211.761589561661822, 794610.852917540818453 ], [ 69783.555527247415739, 792690.444917535292916 ], [ 68248.959854584143613, 792188.478687527356669 ], [ 66345.465626135934144, 794295.207757610478438 ], [ 66511.915379128375207, 789858.377379274112172 ], [ 61702.330584906339936, 788645.634070108644664 ], [ 62301.825918845235719, 785816.227072282228619 ], [ 58284.160073533908871, 786234.056691271718591 ], [ 57997.044008200042299, 779055.679016277426854 ], [ 53926.33078507836035, 779328.340493505820632 ], [ 53533.765347518899944, 782719.437225906760432 ] ], [ [ 62068.658649235680059, 791205.391935465391725 ], [ 61973.010848529775103, 791021.743345063296147 ], [ 61853.233244246097456, 790874.468245318392292 ], [ 62139.957494856869744, 790880.452938754926436 ], [ 62068.658649235680059, 791205.391935465391725 ] ], [ [ 72622.392225936491741, 804869.674015258904546 ], [ 72443.135125767425052, 805267.496760661713779 ], [ 72244.904276915593073, 805161.874047633842565 ], [ 72575.896817203669343, 804859.585328227723949 ], [ 72622.392225936491741, 804869.674015258904546 ] ], [ [ 72842.352391737207654, 806339.149673666921444 ], [ 72980.801909075351432, 806457.216405343497172 ], [ 73083.927686301394715, 806519.63401020062156 ], [ 72780.583414117179927, 806526.111907029291615 ], [ 72842.352391737207654, 806339.149673666921444 ] ] ], [ [ [ 71389.356457201371086, 945177.5480018715607 ], [ 71716.322137129085604, 947847.469750674092211 ], [ 74175.322893575736089, 947007.900647206814028 ], [ 73190.429323801668943, 944428.203249409212731 ], [ 71389.356457201371086, 945177.5480018715607 ] ] ], [ [ [ 68012.681969443437993, 946632.098950949613936 ], [ 69477.140064488005009, 947826.687801787746139 ], [ 70267.07210114847112, 946032.537066920893267 ], [ 68746.275025777256815, 945345.767299488419667 ], [ 68012.681969443437993, 946632.098950949613936 ] ] ], [ [ [ 65790.296355664235307, 871790.331259045517072 ], [ 67245.602933968169964, 871076.330206883721985 ], [ 66448.773091007271432, 869505.019427551887929 ], [ 64932.236497640311427, 870185.633803935488686 ], [ 65790.296355664235307, 871790.331259045517072 ] ] ], [ [ [ 58383.037264790167683, 863595.819301894516684 ], [ 66096.277965091270744, 864305.595879360684194 ], [ 67249.141010067731258, 862565.030403817072511 ], [ 62837.355057256667351, 859261.809282736503519 ], [ 61916.167356854442914, 861028.797939736279659 ], [ 58748.499860379961319, 861737.899863870465197 ], [ 58383.037264790167683, 863595.819301894516684 ] ] ], [ [ [ 64179.676493876504537, 867608.977136890869588 ], [ 65565.708268934948137, 866952.118224444799125 ], [ 64886.215688794938615, 865543.05032250052318 ], [ 63436.518052324776363, 866292.936687203822657 ], [ 64179.676493876504537, 867608.977136890869588 ] ] ], [ [ [ 60686.940516802853381, 882959.640665260259993 ], [ 62631.904543221928179, 882994.436602833913639 ], [ 62114.759363913603011, 881075.454929266939871 ], [ 60389.885740434699983, 881212.348645055550151 ], [ 60686.940516802853381, 882959.640665260259993 ] ] ], [ [ [ 13949.341048196607517, 905933.398747264873236 ], [ 15654.963132933209636, 907457.760627430863678 ], [ 16873.845147682946845, 904350.159163291216828 ], [ 13805.228516715103979, 903931.170444216462784 ], [ 13949.341048196607517, 905933.398747264873236 ] ] ], [ [ [ 5015.639518400582347, 900601.328413277398795 ], [ 5839.555127946644461, 902853.163685561856255 ], [ 11017.764219006843632, 901558.53339666815009 ], [ 11869.667364461465695, 896600.981959322933108 ], [ 9282.036670550209237, 896610.242969282204285 ], [ 5015.639518400582347, 900601.328413277398795 ] ] ], [ [ [ 79914.818150166160194, 9158.398459131742129 ], [ 85597.967184284469113, 15788.738998936438293 ], [ 90104.302529519700329, 18228.474695401368081 ], [ 91883.874449294118676, 18257.177468300957116 ], [ 93089.390911076785414, 17912.744193505906878 ], [ 96619.831977726047626, 14669.330855852527748 ], [ 95012.47669534914894, 11253.700880801623498 ], [ 91309.818991302367067, 8297.315272144120172 ], [ 84593.370132798911072, 4623.360340996929153 ], [ 80833.306882952951128, 5599.254619582901796 ], [ 80402.765289459144697, 5943.687894377950215 ], [ 79914.818150166160194, 9158.398459131742129 ] ] ] ] } }
]
}
